2020-08-06 22:34:21 startup archives install
2020-08-06 22:34:21 install base-passwd:i386 <none> 3.5.44
2020-08-06 22:34:21 status half-installed base-passwd:i386 3.5.44
2020-08-06 22:34:22 status unpacked base-passwd:i386 3.5.44
2020-08-06 22:34:22 status unpacked base-passwd:i386 3.5.44
2020-08-06 22:34:22 configure base-passwd:i386 3.5.44 3.5.44
2020-08-06 22:34:22 status unpacked base-passwd:i386 3.5.44
2020-08-06 22:34:22 status half-configured base-passwd:i386 3.5.44
2020-08-06 22:34:22 status installed base-passwd:i386 3.5.44
2020-08-06 22:34:22 startup archives install
2020-08-06 22:34:22 install base-files:i386 <none> 10.1ubuntu2
2020-08-06 22:34:22 status half-installed base-files:i386 10.1ubuntu2
2020-08-06 22:34:22 status unpacked base-files:i386 10.1ubuntu2
2020-08-06 22:34:22 status unpacked base-files:i386 10.1ubuntu2
2020-08-06 22:34:22 configure base-files:i386 10.1ubuntu2 10.1ubuntu2
2020-08-06 22:34:22 status unpacked base-files:i386 10.1ubuntu2
2020-08-06 22:34:22 status unpacked base-files:i386 10.1ubuntu2
2020-08-06 22:34:22 status unpacked base-files:i386 10.1ubuntu2
2020-08-06 22:34:22 status unpacked base-files:i386 10.1ubuntu2
2020-08-06 22:34:22 status unpacked base-files:i386 10.1ubuntu2
2020-08-06 22:34:22 status unpacked base-files:i386 10.1ubuntu2
2020-08-06 22:34:22 status unpacked base-files:i386 10.1ubuntu2
2020-08-06 22:34:22 status unpacked base-files:i386 10.1ubuntu2
2020-08-06 22:34:22 status unpacked base-files:i386 10.1ubuntu2
2020-08-06 22:34:22 status unpacked base-files:i386 10.1ubuntu2
2020-08-06 22:34:22 status unpacked base-files:i386 10.1ubuntu2
2020-08-06 22:34:22 status unpacked base-files:i386 10.1ubuntu2
2020-08-06 22:34:22 status unpacked base-files:i386 10.1ubuntu2
2020-08-06 22:34:22 status half-configured base-files:i386 10.1ubuntu2
2020-08-06 22:34:22 status installed base-files:i386 10.1ubuntu2
2020-08-06 22:34:22 startup archives install
2020-08-06 22:34:22 upgrade dpkg 1.19.0.5ubuntu2 1.19.0.5ubuntu2
2020-08-06 22:34:22 status half-configured dpkg 1.19.0.5ubuntu2
2020-08-06 22:34:22 status unpacked dpkg 1.19.0.5ubuntu2
2020-08-06 22:34:22 status half-installed dpkg 1.19.0.5ubuntu2
2020-08-06 22:34:22 status half-installed dpkg 1.19.0.5ubuntu2
2020-08-06 22:34:22 status unpacked dpkg:i386 1.19.0.5ubuntu2
2020-08-06 22:34:22 status unpacked dpkg:i386 1.19.0.5ubuntu2
2020-08-06 22:34:22 configure dpkg:i386 1.19.0.5ubuntu2 1.19.0.5ubuntu2
2020-08-06 22:34:22 status unpacked dpkg:i386 1.19.0.5ubuntu2
2020-08-06 22:34:22 status unpacked dpkg:i386 1.19.0.5ubuntu2
2020-08-06 22:34:22 status unpacked dpkg:i386 1.19.0.5ubuntu2
2020-08-06 22:34:22 status unpacked dpkg:i386 1.19.0.5ubuntu2
2020-08-06 22:34:22 status unpacked dpkg:i386 1.19.0.5ubuntu2
2020-08-06 22:34:22 status unpacked dpkg:i386 1.19.0.5ubuntu2
2020-08-06 22:34:22 status half-configured dpkg:i386 1.19.0.5ubuntu2
2020-08-06 22:34:22 status installed dpkg:i386 1.19.0.5ubuntu2
2020-08-06 22:34:22 startup archives install
2020-08-06 22:34:22 install libc6:i386 <none> 2.27-3ubuntu1
2020-08-06 22:34:22 status half-installed libc6:i386 2.27-3ubuntu1
2020-08-06 22:34:23 status unpacked libc6:i386 2.27-3ubuntu1
2020-08-06 22:34:23 status unpacked libc6:i386 2.27-3ubuntu1
2020-08-06 22:34:23 configure libc6:i386 2.27-3ubuntu1 2.27-3ubuntu1
2020-08-06 22:34:23 status unpacked libc6:i386 2.27-3ubuntu1
2020-08-06 22:34:23 status unpacked libc6:i386 2.27-3ubuntu1
2020-08-06 22:34:23 status half-configured libc6:i386 2.27-3ubuntu1
2020-08-06 22:34:23 status installed libc6:i386 2.27-3ubuntu1
2020-08-06 22:34:23 startup archives install
2020-08-06 22:34:23 install perl-base:i386 <none> 5.26.1-6
2020-08-06 22:34:23 status half-installed perl-base:i386 5.26.1-6
2020-08-06 22:34:24 status unpacked perl-base:i386 5.26.1-6
2020-08-06 22:34:24 status unpacked perl-base:i386 5.26.1-6
2020-08-06 22:34:24 configure perl-base:i386 5.26.1-6 5.26.1-6
2020-08-06 22:34:24 status unpacked perl-base:i386 5.26.1-6
2020-08-06 22:34:24 status half-configured perl-base:i386 5.26.1-6
2020-08-06 22:34:24 status installed perl-base:i386 5.26.1-6
2020-08-06 22:34:24 startup archives install
2020-08-06 22:34:24 install mawk:i386 <none> 1.3.3-17ubuntu3
2020-08-06 22:34:24 status half-installed mawk:i386 1.3.3-17ubuntu3
2020-08-06 22:34:24 status unpacked mawk:i386 1.3.3-17ubuntu3
2020-08-06 22:34:24 status unpacked mawk:i386 1.3.3-17ubuntu3
2020-08-06 22:34:24 configure mawk:i386 1.3.3-17ubuntu3 1.3.3-17ubuntu3
2020-08-06 22:34:24 status unpacked mawk:i386 1.3.3-17ubuntu3
2020-08-06 22:34:24 status half-configured mawk:i386 1.3.3-17ubuntu3
2020-08-06 22:34:24 status installed mawk:i386 1.3.3-17ubuntu3
2020-08-06 22:34:24 startup archives unpack
2020-08-06 22:34:24 upgrade base-files:i386 10.1ubuntu2 10.1ubuntu2
2020-08-06 22:34:24 status half-configured base-files:i386 10.1ubuntu2
2020-08-06 22:34:24 status unpacked base-files:i386 10.1ubuntu2
2020-08-06 22:34:24 status half-installed base-files:i386 10.1ubuntu2
2020-08-06 22:34:24 status half-installed base-files:i386 10.1ubuntu2
2020-08-06 22:34:24 status unpacked base-files:i386 10.1ubuntu2
2020-08-06 22:34:24 status unpacked base-files:i386 10.1ubuntu2
2020-08-06 22:34:24 upgrade base-passwd:i386 3.5.44 3.5.44
2020-08-06 22:34:24 status half-configured base-passwd:i386 3.5.44
2020-08-06 22:34:24 status unpacked base-passwd:i386 3.5.44
2020-08-06 22:34:24 status half-installed base-passwd:i386 3.5.44
2020-08-06 22:34:24 status half-installed base-passwd:i386 3.5.44
2020-08-06 22:34:24 status unpacked base-passwd:i386 3.5.44
2020-08-06 22:34:24 status unpacked base-passwd:i386 3.5.44
2020-08-06 22:34:24 install bash:i386 <none> 4.4.18-2ubuntu1
2020-08-06 22:34:24 status half-installed bash:i386 4.4.18-2ubuntu1
2020-08-06 22:34:24 status unpacked bash:i386 4.4.18-2ubuntu1
2020-08-06 22:34:24 status unpacked bash:i386 4.4.18-2ubuntu1
2020-08-06 22:34:24 install bsdutils:i386 <none> 1:2.31.1-0.4ubuntu3
2020-08-06 22:34:24 status half-installed bsdutils:i386 1:2.31.1-0.4ubuntu3
2020-08-06 22:34:24 status unpacked bsdutils:i386 1:2.31.1-0.4ubuntu3
2020-08-06 22:34:24 status unpacked bsdutils:i386 1:2.31.1-0.4ubuntu3
2020-08-06 22:34:24 install coreutils:i386 <none> 8.28-1ubuntu1
2020-08-06 22:34:24 status half-installed coreutils:i386 8.28-1ubuntu1
2020-08-06 22:34:24 status unpacked coreutils:i386 8.28-1ubuntu1
2020-08-06 22:34:24 status unpacked coreutils:i386 8.28-1ubuntu1
2020-08-06 22:34:24 install dash:i386 <none> 0.5.8-2.10
2020-08-06 22:34:24 status half-installed dash:i386 0.5.8-2.10
2020-08-06 22:34:24 status unpacked dash:i386 0.5.8-2.10
2020-08-06 22:34:24 status unpacked dash:i386 0.5.8-2.10
2020-08-06 22:34:24 install debconf:all <none> 1.5.66
2020-08-06 22:34:24 status half-installed debconf:all 1.5.66
2020-08-06 22:34:24 status unpacked debconf:all 1.5.66
2020-08-06 22:34:24 status unpacked debconf:all 1.5.66
2020-08-06 22:34:25 install debianutils:i386 <none> 4.8.4
2020-08-06 22:34:25 status half-installed debianutils:i386 4.8.4
2020-08-06 22:34:25 status unpacked debianutils:i386 4.8.4
2020-08-06 22:34:25 status unpacked debianutils:i386 4.8.4
2020-08-06 22:34:25 install diffutils:i386 <none> 1:3.6-1
2020-08-06 22:34:25 status half-installed diffutils:i386 1:3.6-1
2020-08-06 22:34:25 status unpacked diffutils:i386 1:3.6-1
2020-08-06 22:34:25 status unpacked diffutils:i386 1:3.6-1
2020-08-06 22:34:25 upgrade dpkg:i386 1.19.0.5ubuntu2 1.19.0.5ubuntu2
2020-08-06 22:34:25 status half-configured dpkg:i386 1.19.0.5ubuntu2
2020-08-06 22:34:25 status unpacked dpkg:i386 1.19.0.5ubuntu2
2020-08-06 22:34:25 status half-installed dpkg:i386 1.19.0.5ubuntu2
2020-08-06 22:34:25 status half-installed dpkg:i386 1.19.0.5ubuntu2
2020-08-06 22:34:25 status unpacked dpkg:i386 1.19.0.5ubuntu2
2020-08-06 22:34:25 status unpacked dpkg:i386 1.19.0.5ubuntu2
2020-08-06 22:34:25 install e2fsprogs:i386 <none> 1.44.1-1
2020-08-06 22:34:25 status half-installed e2fsprogs:i386 1.44.1-1
2020-08-06 22:34:25 status unpacked e2fsprogs:i386 1.44.1-1
2020-08-06 22:34:25 status unpacked e2fsprogs:i386 1.44.1-1
2020-08-06 22:34:25 install fdisk:i386 <none> 2.31.1-0.4ubuntu3
2020-08-06 22:34:25 status half-installed fdisk:i386 2.31.1-0.4ubuntu3
2020-08-06 22:34:25 status unpacked fdisk:i386 2.31.1-0.4ubuntu3
2020-08-06 22:34:25 status unpacked fdisk:i386 2.31.1-0.4ubuntu3
2020-08-06 22:34:25 install findutils:i386 <none> 4.6.0+git+20170828-2
2020-08-06 22:34:25 status half-installed findutils:i386 4.6.0+git+20170828-2
2020-08-06 22:34:25 status unpacked findutils:i386 4.6.0+git+20170828-2
2020-08-06 22:34:25 status unpacked findutils:i386 4.6.0+git+20170828-2
2020-08-06 22:34:25 install gcc-8-base:i386 <none> 8-20180414-1ubuntu2
2020-08-06 22:34:25 status half-installed gcc-8-base:i386 8-20180414-1ubuntu2
2020-08-06 22:34:25 status unpacked gcc-8-base:i386 8-20180414-1ubuntu2
2020-08-06 22:34:25 status unpacked gcc-8-base:i386 8-20180414-1ubuntu2
2020-08-06 22:34:25 install grep:i386 <none> 3.1-2
2020-08-06 22:34:25 status half-installed grep:i386 3.1-2
2020-08-06 22:34:25 status unpacked grep:i386 3.1-2
2020-08-06 22:34:25 status unpacked grep:i386 3.1-2
2020-08-06 22:34:25 install gzip:i386 <none> 1.6-5ubuntu1
2020-08-06 22:34:25 status half-installed gzip:i386 1.6-5ubuntu1
2020-08-06 22:34:25 status unpacked gzip:i386 1.6-5ubuntu1
2020-08-06 22:34:25 status unpacked gzip:i386 1.6-5ubuntu1
2020-08-06 22:34:25 install hostname:i386 <none> 3.20
2020-08-06 22:34:25 status half-installed hostname:i386 3.20
2020-08-06 22:34:25 status unpacked hostname:i386 3.20
2020-08-06 22:34:25 status unpacked hostname:i386 3.20
2020-08-06 22:34:25 install init-system-helpers:all <none> 1.51
2020-08-06 22:34:25 status half-installed init-system-helpers:all 1.51
2020-08-06 22:34:25 status unpacked init-system-helpers:all 1.51
2020-08-06 22:34:25 status unpacked init-system-helpers:all 1.51
2020-08-06 22:34:25 install libacl1:i386 <none> 2.2.52-3build1
2020-08-06 22:34:25 status half-installed libacl1:i386 2.2.52-3build1
2020-08-06 22:34:25 status unpacked libacl1:i386 2.2.52-3build1
2020-08-06 22:34:25 status unpacked libacl1:i386 2.2.52-3build1
2020-08-06 22:34:25 install libattr1:i386 <none> 1:2.4.47-2build1
2020-08-06 22:34:25 status half-installed libattr1:i386 1:2.4.47-2build1
2020-08-06 22:34:25 status unpacked libattr1:i386 1:2.4.47-2build1
2020-08-06 22:34:25 status unpacked libattr1:i386 1:2.4.47-2build1
2020-08-06 22:34:25 install libaudit-common:all <none> 1:2.8.2-1ubuntu1
2020-08-06 22:34:25 status half-installed libaudit-common:all 1:2.8.2-1ubuntu1
2020-08-06 22:34:25 status unpacked libaudit-common:all 1:2.8.2-1ubuntu1
2020-08-06 22:34:25 status unpacked libaudit-common:all 1:2.8.2-1ubuntu1
2020-08-06 22:34:25 install libaudit1:i386 <none> 1:2.8.2-1ubuntu1
2020-08-06 22:34:25 status half-installed libaudit1:i386 1:2.8.2-1ubuntu1
2020-08-06 22:34:25 status unpacked libaudit1:i386 1:2.8.2-1ubuntu1
2020-08-06 22:34:25 status unpacked libaudit1:i386 1:2.8.2-1ubuntu1
2020-08-06 22:34:25 install libblkid1:i386 <none> 2.31.1-0.4ubuntu3
2020-08-06 22:34:25 status half-installed libblkid1:i386 2.31.1-0.4ubuntu3
2020-08-06 22:34:25 status unpacked libblkid1:i386 2.31.1-0.4ubuntu3
2020-08-06 22:34:25 status unpacked libblkid1:i386 2.31.1-0.4ubuntu3
2020-08-06 22:34:25 install libbz2-1.0:i386 <none> 1.0.6-8.1
2020-08-06 22:34:25 status half-installed libbz2-1.0:i386 1.0.6-8.1
2020-08-06 22:34:25 status unpacked libbz2-1.0:i386 1.0.6-8.1
2020-08-06 22:34:25 status unpacked libbz2-1.0:i386 1.0.6-8.1
2020-08-06 22:34:25 install libc-bin:i386 <none> 2.27-3ubuntu1
2020-08-06 22:34:25 status half-installed libc-bin:i386 2.27-3ubuntu1
2020-08-06 22:34:25 status unpacked libc-bin:i386 2.27-3ubuntu1
2020-08-06 22:34:25 status unpacked libc-bin:i386 2.27-3ubuntu1
2020-08-06 22:34:25 upgrade libc6:i386 2.27-3ubuntu1 2.27-3ubuntu1
2020-08-06 22:34:25 status half-configured libc6:i386 2.27-3ubuntu1
2020-08-06 22:34:25 status unpacked libc6:i386 2.27-3ubuntu1
2020-08-06 22:34:25 status half-installed libc6:i386 2.27-3ubuntu1
2020-08-06 22:34:26 status half-installed libc6:i386 2.27-3ubuntu1
2020-08-06 22:34:26 status unpacked libc6:i386 2.27-3ubuntu1
2020-08-06 22:34:26 status unpacked libc6:i386 2.27-3ubuntu1
2020-08-06 22:34:26 install libcap-ng0:i386 <none> 0.7.7-3.1
2020-08-06 22:34:26 status half-installed libcap-ng0:i386 0.7.7-3.1
2020-08-06 22:34:26 status unpacked libcap-ng0:i386 0.7.7-3.1
2020-08-06 22:34:26 status unpacked libcap-ng0:i386 0.7.7-3.1
2020-08-06 22:34:26 install libcom-err2:i386 <none> 1.44.1-1
2020-08-06 22:34:26 status half-installed libcom-err2:i386 1.44.1-1
2020-08-06 22:34:26 status unpacked libcom-err2:i386 1.44.1-1
2020-08-06 22:34:26 status unpacked libcom-err2:i386 1.44.1-1
2020-08-06 22:34:26 install libdb5.3:i386 <none> 5.3.28-13.1ubuntu1
2020-08-06 22:34:26 status half-installed libdb5.3:i386 5.3.28-13.1ubuntu1
2020-08-06 22:34:26 status unpacked libdb5.3:i386 5.3.28-13.1ubuntu1
2020-08-06 22:34:26 status unpacked libdb5.3:i386 5.3.28-13.1ubuntu1
2020-08-06 22:34:26 install libdebconfclient0:i386 <none> 0.213ubuntu1
2020-08-06 22:34:26 status half-installed libdebconfclient0:i386 0.213ubuntu1
2020-08-06 22:34:26 status unpacked libdebconfclient0:i386 0.213ubuntu1
2020-08-06 22:34:26 status unpacked libdebconfclient0:i386 0.213ubuntu1
2020-08-06 22:34:26 install libext2fs2:i386 <none> 1.44.1-1
2020-08-06 22:34:26 status half-installed libext2fs2:i386 1.44.1-1
2020-08-06 22:34:26 status unpacked libext2fs2:i386 1.44.1-1
2020-08-06 22:34:26 status unpacked libext2fs2:i386 1.44.1-1
2020-08-06 22:34:26 install libfdisk1:i386 <none> 2.31.1-0.4ubuntu3
2020-08-06 22:34:26 status half-installed libfdisk1:i386 2.31.1-0.4ubuntu3
2020-08-06 22:34:27 status unpacked libfdisk1:i386 2.31.1-0.4ubuntu3
2020-08-06 22:34:27 status unpacked libfdisk1:i386 2.31.1-0.4ubuntu3
2020-08-06 22:34:27 install libgcc1:i386 <none> 1:8-20180414-1ubuntu2
2020-08-06 22:34:27 status half-installed libgcc1:i386 1:8-20180414-1ubuntu2
2020-08-06 22:34:27 status unpacked libgcc1:i386 1:8-20180414-1ubuntu2
2020-08-06 22:34:27 status unpacked libgcc1:i386 1:8-20180414-1ubuntu2
2020-08-06 22:34:27 install libgcrypt20:i386 <none> 1.8.1-4ubuntu1
2020-08-06 22:34:27 status half-installed libgcrypt20:i386 1.8.1-4ubuntu1
2020-08-06 22:34:27 status unpacked libgcrypt20:i386 1.8.1-4ubuntu1
2020-08-06 22:34:27 status unpacked libgcrypt20:i386 1.8.1-4ubuntu1
2020-08-06 22:34:27 install libgpg-error0:i386 <none> 1.27-6
2020-08-06 22:34:27 status half-installed libgpg-error0:i386 1.27-6
2020-08-06 22:34:27 status unpacked libgpg-error0:i386 1.27-6
2020-08-06 22:34:27 status unpacked libgpg-error0:i386 1.27-6
2020-08-06 22:34:27 install liblz4-1:i386 <none> 0.0~r131-2ubuntu3
2020-08-06 22:34:27 status half-installed liblz4-1:i386 0.0~r131-2ubuntu3
2020-08-06 22:34:27 status unpacked liblz4-1:i386 0.0~r131-2ubuntu3
2020-08-06 22:34:27 status unpacked liblz4-1:i386 0.0~r131-2ubuntu3
2020-08-06 22:34:27 install liblzma5:i386 <none> 5.2.2-1.3
2020-08-06 22:34:27 status half-installed liblzma5:i386 5.2.2-1.3
2020-08-06 22:34:27 status unpacked liblzma5:i386 5.2.2-1.3
2020-08-06 22:34:27 status unpacked liblzma5:i386 5.2.2-1.3
2020-08-06 22:34:27 install libmount1:i386 <none> 2.31.1-0.4ubuntu3
2020-08-06 22:34:27 status half-installed libmount1:i386 2.31.1-0.4ubuntu3
2020-08-06 22:34:27 status unpacked libmount1:i386 2.31.1-0.4ubuntu3
2020-08-06 22:34:27 status unpacked libmount1:i386 2.31.1-0.4ubuntu3
2020-08-06 22:34:27 install libncurses5:i386 <none> 6.1-1ubuntu1
2020-08-06 22:34:27 status half-installed libncurses5:i386 6.1-1ubuntu1
2020-08-06 22:34:27 status unpacked libncurses5:i386 6.1-1ubuntu1
2020-08-06 22:34:27 status unpacked libncurses5:i386 6.1-1ubuntu1
2020-08-06 22:34:27 install libncursesw5:i386 <none> 6.1-1ubuntu1
2020-08-06 22:34:27 status half-installed libncursesw5:i386 6.1-1ubuntu1
2020-08-06 22:34:27 status unpacked libncursesw5:i386 6.1-1ubuntu1
2020-08-06 22:34:27 status unpacked libncursesw5:i386 6.1-1ubuntu1
2020-08-06 22:34:27 install libpam-modules:i386 <none> 1.1.8-3.6ubuntu2
2020-08-06 22:34:27 status half-installed libpam-modules:i386 1.1.8-3.6ubuntu2
2020-08-06 22:34:27 status unpacked libpam-modules:i386 1.1.8-3.6ubuntu2
2020-08-06 22:34:27 status unpacked libpam-modules:i386 1.1.8-3.6ubuntu2
2020-08-06 22:34:27 install libpam-modules-bin:i386 <none> 1.1.8-3.6ubuntu2
2020-08-06 22:34:27 status half-installed libpam-modules-bin:i386 1.1.8-3.6ubuntu2
2020-08-06 22:34:27 status unpacked libpam-modules-bin:i386 1.1.8-3.6ubuntu2
2020-08-06 22:34:27 status unpacked libpam-modules-bin:i386 1.1.8-3.6ubuntu2
2020-08-06 22:34:27 install libpam-runtime:all <none> 1.1.8-3.6ubuntu2
2020-08-06 22:34:27 status half-installed libpam-runtime:all 1.1.8-3.6ubuntu2
2020-08-06 22:34:27 status unpacked libpam-runtime:all 1.1.8-3.6ubuntu2
2020-08-06 22:34:27 status unpacked libpam-runtime:all 1.1.8-3.6ubuntu2
2020-08-06 22:34:27 install libpam0g:i386 <none> 1.1.8-3.6ubuntu2
2020-08-06 22:34:27 status half-installed libpam0g:i386 1.1.8-3.6ubuntu2
2020-08-06 22:34:27 status unpacked libpam0g:i386 1.1.8-3.6ubuntu2
2020-08-06 22:34:27 status unpacked libpam0g:i386 1.1.8-3.6ubuntu2
2020-08-06 22:34:27 install libpcre3:i386 <none> 2:8.39-9
2020-08-06 22:34:27 status half-installed libpcre3:i386 2:8.39-9
2020-08-06 22:34:27 status unpacked libpcre3:i386 2:8.39-9
2020-08-06 22:34:27 status unpacked libpcre3:i386 2:8.39-9
2020-08-06 22:34:27 install libprocps6:i386 <none> 2:3.3.12-3ubuntu1
2020-08-06 22:34:27 status half-installed libprocps6:i386 2:3.3.12-3ubuntu1
2020-08-06 22:34:27 status unpacked libprocps6:i386 2:3.3.12-3ubuntu1
2020-08-06 22:34:27 status unpacked libprocps6:i386 2:3.3.12-3ubuntu1
2020-08-06 22:34:27 install libselinux1:i386 <none> 2.7-2build2
2020-08-06 22:34:27 status half-installed libselinux1:i386 2.7-2build2
2020-08-06 22:34:27 status unpacked libselinux1:i386 2.7-2build2
2020-08-06 22:34:27 status unpacked libselinux1:i386 2.7-2build2
2020-08-06 22:34:27 install libsemanage-common:all <none> 2.7-2build2
2020-08-06 22:34:27 status half-installed libsemanage-common:all 2.7-2build2
2020-08-06 22:34:27 status unpacked libsemanage-common:all 2.7-2build2
2020-08-06 22:34:27 status unpacked libsemanage-common:all 2.7-2build2
2020-08-06 22:34:27 install libsemanage1:i386 <none> 2.7-2build2
2020-08-06 22:34:27 status half-installed libsemanage1:i386 2.7-2build2
2020-08-06 22:34:27 status unpacked libsemanage1:i386 2.7-2build2
2020-08-06 22:34:27 status unpacked libsemanage1:i386 2.7-2build2
2020-08-06 22:34:27 install libsepol1:i386 <none> 2.7-1
2020-08-06 22:34:27 status half-installed libsepol1:i386 2.7-1
2020-08-06 22:34:27 status unpacked libsepol1:i386 2.7-1
2020-08-06 22:34:27 status unpacked libsepol1:i386 2.7-1
2020-08-06 22:34:27 install libsmartcols1:i386 <none> 2.31.1-0.4ubuntu3
2020-08-06 22:34:27 status half-installed libsmartcols1:i386 2.31.1-0.4ubuntu3
2020-08-06 22:34:27 status unpacked libsmartcols1:i386 2.31.1-0.4ubuntu3
2020-08-06 22:34:27 status unpacked libsmartcols1:i386 2.31.1-0.4ubuntu3
2020-08-06 22:34:27 install libss2:i386 <none> 1.44.1-1
2020-08-06 22:34:27 status half-installed libss2:i386 1.44.1-1
2020-08-06 22:34:27 status unpacked libss2:i386 1.44.1-1
2020-08-06 22:34:28 status unpacked libss2:i386 1.44.1-1
2020-08-06 22:34:28 install libsystemd0:i386 <none> 237-3ubuntu10
2020-08-06 22:34:28 status half-installed libsystemd0:i386 237-3ubuntu10
2020-08-06 22:34:28 status unpacked libsystemd0:i386 237-3ubuntu10
2020-08-06 22:34:28 status unpacked libsystemd0:i386 237-3ubuntu10
2020-08-06 22:34:28 install libtinfo5:i386 <none> 6.1-1ubuntu1
2020-08-06 22:34:28 status half-installed libtinfo5:i386 6.1-1ubuntu1
2020-08-06 22:34:28 status unpacked libtinfo5:i386 6.1-1ubuntu1
2020-08-06 22:34:28 status unpacked libtinfo5:i386 6.1-1ubuntu1
2020-08-06 22:34:28 install libudev1:i386 <none> 237-3ubuntu10
2020-08-06 22:34:28 status half-installed libudev1:i386 237-3ubuntu10
2020-08-06 22:34:28 status unpacked libudev1:i386 237-3ubuntu10
2020-08-06 22:34:28 status unpacked libudev1:i386 237-3ubuntu10
2020-08-06 22:34:28 install libuuid1:i386 <none> 2.31.1-0.4ubuntu3
2020-08-06 22:34:28 status half-installed libuuid1:i386 2.31.1-0.4ubuntu3
2020-08-06 22:34:28 status unpacked libuuid1:i386 2.31.1-0.4ubuntu3
2020-08-06 22:34:28 status unpacked libuuid1:i386 2.31.1-0.4ubuntu3
2020-08-06 22:34:28 install libzstd1:i386 <none> 1.3.3+dfsg-2ubuntu1
2020-08-06 22:34:28 status half-installed libzstd1:i386 1.3.3+dfsg-2ubuntu1
2020-08-06 22:34:28 status unpacked libzstd1:i386 1.3.3+dfsg-2ubuntu1
2020-08-06 22:34:28 status unpacked libzstd1:i386 1.3.3+dfsg-2ubuntu1
2020-08-06 22:34:28 install login:i386 <none> 1:4.5-1ubuntu1
2020-08-06 22:34:28 status half-installed login:i386 1:4.5-1ubuntu1
2020-08-06 22:34:28 status unpacked login:i386 1:4.5-1ubuntu1
2020-08-06 22:34:28 status unpacked login:i386 1:4.5-1ubuntu1
2020-08-06 22:34:28 install lsb-base:all <none> 9.20170808ubuntu1
2020-08-06 22:34:28 status half-installed lsb-base:all 9.20170808ubuntu1
2020-08-06 22:34:28 status unpacked lsb-base:all 9.20170808ubuntu1
2020-08-06 22:34:28 status unpacked lsb-base:all 9.20170808ubuntu1
2020-08-06 22:34:28 upgrade mawk:i386 1.3.3-17ubuntu3 1.3.3-17ubuntu3
2020-08-06 22:34:28 status half-configured mawk:i386 1.3.3-17ubuntu3
2020-08-06 22:34:28 status unpacked mawk:i386 1.3.3-17ubuntu3
2020-08-06 22:34:28 status half-installed mawk:i386 1.3.3-17ubuntu3
2020-08-06 22:34:28 status half-installed mawk:i386 1.3.3-17ubuntu3
2020-08-06 22:34:28 status unpacked mawk:i386 1.3.3-17ubuntu3
2020-08-06 22:34:28 status unpacked mawk:i386 1.3.3-17ubuntu3
2020-08-06 22:34:28 install mount:i386 <none> 2.31.1-0.4ubuntu3
2020-08-06 22:34:28 status half-installed mount:i386 2.31.1-0.4ubuntu3
2020-08-06 22:34:28 status unpacked mount:i386 2.31.1-0.4ubuntu3
2020-08-06 22:34:28 status unpacked mount:i386 2.31.1-0.4ubuntu3
2020-08-06 22:34:28 install ncurses-base:all <none> 6.1-1ubuntu1
2020-08-06 22:34:28 status half-installed ncurses-base:all 6.1-1ubuntu1
2020-08-06 22:34:28 status unpacked ncurses-base:all 6.1-1ubuntu1
2020-08-06 22:34:28 status unpacked ncurses-base:all 6.1-1ubuntu1
2020-08-06 22:34:28 install ncurses-bin:i386 <none> 6.1-1ubuntu1
2020-08-06 22:34:28 status half-installed ncurses-bin:i386 6.1-1ubuntu1
2020-08-06 22:34:28 status unpacked ncurses-bin:i386 6.1-1ubuntu1
2020-08-06 22:34:28 status unpacked ncurses-bin:i386 6.1-1ubuntu1
2020-08-06 22:34:28 install passwd:i386 <none> 1:4.5-1ubuntu1
2020-08-06 22:34:28 status half-installed passwd:i386 1:4.5-1ubuntu1
2020-08-06 22:34:28 status unpacked passwd:i386 1:4.5-1ubuntu1
2020-08-06 22:34:28 status unpacked passwd:i386 1:4.5-1ubuntu1
2020-08-06 22:34:28 upgrade perl-base:i386 5.26.1-6 5.26.1-6
2020-08-06 22:34:28 status half-configured perl-base:i386 5.26.1-6
2020-08-06 22:34:28 status unpacked perl-base:i386 5.26.1-6
2020-08-06 22:34:28 status half-installed perl-base:i386 5.26.1-6
2020-08-06 22:34:29 status half-installed perl-base:i386 5.26.1-6
2020-08-06 22:34:29 status unpacked perl-base:i386 5.26.1-6
2020-08-06 22:34:29 status unpacked perl-base:i386 5.26.1-6
2020-08-06 22:34:29 install procps:i386 <none> 2:3.3.12-3ubuntu1
2020-08-06 22:34:29 status half-installed procps:i386 2:3.3.12-3ubuntu1
2020-08-06 22:34:29 status unpacked procps:i386 2:3.3.12-3ubuntu1
2020-08-06 22:34:29 status unpacked procps:i386 2:3.3.12-3ubuntu1
2020-08-06 22:34:29 install sed:i386 <none> 4.4-2
2020-08-06 22:34:29 status half-installed sed:i386 4.4-2
2020-08-06 22:34:29 status unpacked sed:i386 4.4-2
2020-08-06 22:34:29 status unpacked sed:i386 4.4-2
2020-08-06 22:34:29 install sensible-utils:all <none> 0.0.12
2020-08-06 22:34:29 status half-installed sensible-utils:all 0.0.12
2020-08-06 22:34:29 status unpacked sensible-utils:all 0.0.12
2020-08-06 22:34:29 status unpacked sensible-utils:all 0.0.12
2020-08-06 22:34:29 install sysvinit-utils:i386 <none> 2.88dsf-59.10ubuntu1
2020-08-06 22:34:29 status half-installed sysvinit-utils:i386 2.88dsf-59.10ubuntu1
2020-08-06 22:34:29 status unpacked sysvinit-utils:i386 2.88dsf-59.10ubuntu1
2020-08-06 22:34:29 status unpacked sysvinit-utils:i386 2.88dsf-59.10ubuntu1
2020-08-06 22:34:29 install tar:i386 <none> 1.29b-2
2020-08-06 22:34:29 status half-installed tar:i386 1.29b-2
2020-08-06 22:34:29 status unpacked tar:i386 1.29b-2
2020-08-06 22:34:29 status unpacked tar:i386 1.29b-2
2020-08-06 22:34:29 install util-linux:i386 <none> 2.31.1-0.4ubuntu3
2020-08-06 22:34:29 status half-installed util-linux:i386 2.31.1-0.4ubuntu3
2020-08-06 22:34:29 status unpacked util-linux:i386 2.31.1-0.4ubuntu3
2020-08-06 22:34:29 status unpacked util-linux:i386 2.31.1-0.4ubuntu3
2020-08-06 22:34:29 install zlib1g:i386 <none> 1:1.2.11.dfsg-0ubuntu2
2020-08-06 22:34:29 status half-installed zlib1g:i386 1:1.2.11.dfsg-0ubuntu2
2020-08-06 22:34:29 status unpacked zlib1g:i386 1:1.2.11.dfsg-0ubuntu2
2020-08-06 22:34:29 status unpacked zlib1g:i386 1:1.2.11.dfsg-0ubuntu2
2020-08-06 22:34:29 startup packages configure
2020-08-06 22:34:29 configure lsb-base:all 9.20170808ubuntu1 <none>
2020-08-06 22:34:29 status unpacked lsb-base:all 9.20170808ubuntu1
2020-08-06 22:34:29 status half-configured lsb-base:all 9.20170808ubuntu1
2020-08-06 22:34:29 status installed lsb-base:all 9.20170808ubuntu1
2020-08-06 22:34:29 configure sensible-utils:all 0.0.12 <none>
2020-08-06 22:34:29 status unpacked sensible-utils:all 0.0.12
2020-08-06 22:34:29 status half-configured sensible-utils:all 0.0.12
2020-08-06 22:34:29 status installed sensible-utils:all 0.0.12
2020-08-06 22:34:29 configure ncurses-base:all 6.1-1ubuntu1 <none>
2020-08-06 22:34:29 status unpacked ncurses-base:all 6.1-1ubuntu1
2020-08-06 22:34:29 status unpacked ncurses-base:all 6.1-1ubuntu1
2020-08-06 22:34:29 status half-configured ncurses-base:all 6.1-1ubuntu1
2020-08-06 22:34:29 status installed ncurses-base:all 6.1-1ubuntu1
2020-08-06 22:34:29 configure libsemanage-common:all 2.7-2build2 <none>
2020-08-06 22:34:29 status unpacked libsemanage-common:all 2.7-2build2
2020-08-06 22:34:29 status unpacked libsemanage-common:all 2.7-2build2
2020-08-06 22:34:29 status half-configured libsemanage-common:all 2.7-2build2
2020-08-06 22:34:29 status installed libsemanage-common:all 2.7-2build2
2020-08-06 22:34:29 configure gcc-8-base:i386 8-20180414-1ubuntu2 <none>
2020-08-06 22:34:29 status unpacked gcc-8-base:i386 8-20180414-1ubuntu2
2020-08-06 22:34:29 status half-configured gcc-8-base:i386 8-20180414-1ubuntu2
2020-08-06 22:34:29 status installed gcc-8-base:i386 8-20180414-1ubuntu2
2020-08-06 22:34:29 configure libaudit-common:all 1:2.8.2-1ubuntu1 <none>
2020-08-06 22:34:29 status unpacked libaudit-common:all 1:2.8.2-1ubuntu1
2020-08-06 22:34:29 status unpacked libaudit-common:all 1:2.8.2-1ubuntu1
2020-08-06 22:34:29 status half-configured libaudit-common:all 1:2.8.2-1ubuntu1
2020-08-06 22:34:29 status installed libaudit-common:all 1:2.8.2-1ubuntu1
2020-08-06 22:34:29 configure libc6:i386 2.27-3ubuntu1 <none>
2020-08-06 22:34:29 status unpacked libc6:i386 2.27-3ubuntu1
2020-08-06 22:34:29 status unpacked libc6:i386 2.27-3ubuntu1
2020-08-06 22:34:29 status half-configured libc6:i386 2.27-3ubuntu1
2020-08-06 22:34:29 status installed libc6:i386 2.27-3ubuntu1
2020-08-06 22:34:29 configure libpcre3:i386 2:8.39-9 <none>
2020-08-06 22:34:29 status unpacked libpcre3:i386 2:8.39-9
2020-08-06 22:34:29 status half-configured libpcre3:i386 2:8.39-9
2020-08-06 22:34:29 status installed libpcre3:i386 2:8.39-9
2020-08-06 22:34:29 configure libbz2-1.0:i386 1.0.6-8.1 <none>
2020-08-06 22:34:29 status unpacked libbz2-1.0:i386 1.0.6-8.1
2020-08-06 22:34:29 status half-configured libbz2-1.0:i386 1.0.6-8.1
2020-08-06 22:34:29 status installed libbz2-1.0:i386 1.0.6-8.1
2020-08-06 22:34:29 configure libgpg-error0:i386 1.27-6 <none>
2020-08-06 22:34:29 status unpacked libgpg-error0:i386 1.27-6
2020-08-06 22:34:29 status half-configured libgpg-error0:i386 1.27-6
2020-08-06 22:34:29 status installed libgpg-error0:i386 1.27-6
2020-08-06 22:34:29 configure libc-bin:i386 2.27-3ubuntu1 <none>
2020-08-06 22:34:29 status unpacked libc-bin:i386 2.27-3ubuntu1
2020-08-06 22:34:29 status unpacked libc-bin:i386 2.27-3ubuntu1
2020-08-06 22:34:29 status unpacked libc-bin:i386 2.27-3ubuntu1
2020-08-06 22:34:29 status unpacked libc-bin:i386 2.27-3ubuntu1
2020-08-06 22:34:29 status unpacked libc-bin:i386 2.27-3ubuntu1
2020-08-06 22:34:29 status unpacked libc-bin:i386 2.27-3ubuntu1
2020-08-06 22:34:29 status half-configured libc-bin:i386 2.27-3ubuntu1
2020-08-06 22:34:29 status installed libc-bin:i386 2.27-3ubuntu1
2020-08-06 22:34:29 configure libdebconfclient0:i386 0.213ubuntu1 <none>
2020-08-06 22:34:29 status triggers-pending libc-bin:i386 2.27-3ubuntu1
2020-08-06 22:34:29 status unpacked libdebconfclient0:i386 0.213ubuntu1
2020-08-06 22:34:29 status half-configured libdebconfclient0:i386 0.213ubuntu1
2020-08-06 22:34:29 status installed libdebconfclient0:i386 0.213ubuntu1
2020-08-06 22:34:29 configure libselinux1:i386 2.7-2build2 <none>
2020-08-06 22:34:29 status unpacked libselinux1:i386 2.7-2build2
2020-08-06 22:34:29 status half-configured libselinux1:i386 2.7-2build2
2020-08-06 22:34:29 status installed libselinux1:i386 2.7-2build2
2020-08-06 22:34:29 configure diffutils:i386 1:3.6-1 <none>
2020-08-06 22:34:29 status unpacked diffutils:i386 1:3.6-1
2020-08-06 22:34:29 status half-configured diffutils:i386 1:3.6-1
2020-08-06 22:34:29 status installed diffutils:i386 1:3.6-1
2020-08-06 22:34:29 configure findutils:i386 4.6.0+git+20170828-2 <none>
2020-08-06 22:34:29 status unpacked findutils:i386 4.6.0+git+20170828-2
2020-08-06 22:34:29 status half-configured findutils:i386 4.6.0+git+20170828-2
2020-08-06 22:34:29 status installed findutils:i386 4.6.0+git+20170828-2
2020-08-06 22:34:29 configure libcap-ng0:i386 0.7.7-3.1 <none>
2020-08-06 22:34:29 status unpacked libcap-ng0:i386 0.7.7-3.1
2020-08-06 22:34:29 status half-configured libcap-ng0:i386 0.7.7-3.1
2020-08-06 22:34:29 status installed libcap-ng0:i386 0.7.7-3.1
2020-08-06 22:34:29 configure libext2fs2:i386 1.44.1-1 <none>
2020-08-06 22:34:29 status unpacked libext2fs2:i386 1.44.1-1
2020-08-06 22:34:29 status half-configured libext2fs2:i386 1.44.1-1
2020-08-06 22:34:29 status installed libext2fs2:i386 1.44.1-1
2020-08-06 22:34:29 configure libsepol1:i386 2.7-1 <none>
2020-08-06 22:34:29 status unpacked libsepol1:i386 2.7-1
2020-08-06 22:34:29 status half-configured libsepol1:i386 2.7-1
2020-08-06 22:34:29 status installed libsepol1:i386 2.7-1
2020-08-06 22:34:29 configure libgcc1:i386 1:8-20180414-1ubuntu2 <none>
2020-08-06 22:34:29 status unpacked libgcc1:i386 1:8-20180414-1ubuntu2
2020-08-06 22:34:29 status half-configured libgcc1:i386 1:8-20180414-1ubuntu2
2020-08-06 22:34:29 status installed libgcc1:i386 1:8-20180414-1ubuntu2
2020-08-06 22:34:29 configure sed:i386 4.4-2 <none>
2020-08-06 22:34:29 status unpacked sed:i386 4.4-2
2020-08-06 22:34:29 status half-configured sed:i386 4.4-2
2020-08-06 22:34:29 status installed sed:i386 4.4-2
2020-08-06 22:34:29 configure libsmartcols1:i386 2.31.1-0.4ubuntu3 <none>
2020-08-06 22:34:29 status unpacked libsmartcols1:i386 2.31.1-0.4ubuntu3
2020-08-06 22:34:29 status half-configured libsmartcols1:i386 2.31.1-0.4ubuntu3
2020-08-06 22:34:29 status installed libsmartcols1:i386 2.31.1-0.4ubuntu3
2020-08-06 22:34:29 configure libcom-err2:i386 1.44.1-1 <none>
2020-08-06 22:34:29 status unpacked libcom-err2:i386 1.44.1-1
2020-08-06 22:34:29 status half-configured libcom-err2:i386 1.44.1-1
2020-08-06 22:34:29 status installed libcom-err2:i386 1.44.1-1
2020-08-06 22:34:29 configure libaudit1:i386 1:2.8.2-1ubuntu1 <none>
2020-08-06 22:34:29 status unpacked libaudit1:i386 1:2.8.2-1ubuntu1
2020-08-06 22:34:29 status half-configured libaudit1:i386 1:2.8.2-1ubuntu1
2020-08-06 22:34:29 status installed libaudit1:i386 1:2.8.2-1ubuntu1
2020-08-06 22:34:29 configure libtinfo5:i386 6.1-1ubuntu1 <none>
2020-08-06 22:34:29 status unpacked libtinfo5:i386 6.1-1ubuntu1
2020-08-06 22:34:29 status half-configured libtinfo5:i386 6.1-1ubuntu1
2020-08-06 22:34:29 status installed libtinfo5:i386 6.1-1ubuntu1
2020-08-06 22:34:29 configure libudev1:i386 237-3ubuntu10 <none>
2020-08-06 22:34:29 status unpacked libudev1:i386 237-3ubuntu10
2020-08-06 22:34:29 status half-configured libudev1:i386 237-3ubuntu10
2020-08-06 22:34:29 status installed libudev1:i386 237-3ubuntu10
2020-08-06 22:34:29 configure libattr1:i386 1:2.4.47-2build1 <none>
2020-08-06 22:34:29 status unpacked libattr1:i386 1:2.4.47-2build1
2020-08-06 22:34:29 status half-configured libattr1:i386 1:2.4.47-2build1
2020-08-06 22:34:29 status installed libattr1:i386 1:2.4.47-2build1
2020-08-06 22:34:29 configure libss2:i386 1.44.1-1 <none>
2020-08-06 22:34:29 status unpacked libss2:i386 1.44.1-1
2020-08-06 22:34:29 status half-configured libss2:i386 1.44.1-1
2020-08-06 22:34:29 status installed libss2:i386 1.44.1-1
2020-08-06 22:34:29 configure liblzma5:i386 5.2.2-1.3 <none>
2020-08-06 22:34:29 status unpacked liblzma5:i386 5.2.2-1.3
2020-08-06 22:34:29 status half-configured liblzma5:i386 5.2.2-1.3
2020-08-06 22:34:29 status installed liblzma5:i386 5.2.2-1.3
2020-08-06 22:34:29 configure base-passwd:i386 3.5.44 <none>
2020-08-06 22:34:29 status unpacked base-passwd:i386 3.5.44
2020-08-06 22:34:29 status half-configured base-passwd:i386 3.5.44
2020-08-06 22:34:30 status installed base-passwd:i386 3.5.44
2020-08-06 22:34:30 configure liblz4-1:i386 0.0~r131-2ubuntu3 <none>
2020-08-06 22:34:30 status unpacked liblz4-1:i386 0.0~r131-2ubuntu3
2020-08-06 22:34:30 status half-configured liblz4-1:i386 0.0~r131-2ubuntu3
2020-08-06 22:34:30 status installed liblz4-1:i386 0.0~r131-2ubuntu3
2020-08-06 22:34:30 configure debianutils:i386 4.8.4 <none>
2020-08-06 22:34:30 status unpacked debianutils:i386 4.8.4
2020-08-06 22:34:30 status half-configured debianutils:i386 4.8.4
2020-08-06 22:34:30 status installed debianutils:i386 4.8.4
2020-08-06 22:34:30 configure libgcrypt20:i386 1.8.1-4ubuntu1 <none>
2020-08-06 22:34:30 status unpacked libgcrypt20:i386 1.8.1-4ubuntu1
2020-08-06 22:34:30 status half-configured libgcrypt20:i386 1.8.1-4ubuntu1
2020-08-06 22:34:30 status installed libgcrypt20:i386 1.8.1-4ubuntu1
2020-08-06 22:34:30 configure libncursesw5:i386 6.1-1ubuntu1 <none>
2020-08-06 22:34:30 status unpacked libncursesw5:i386 6.1-1ubuntu1
2020-08-06 22:34:30 status half-configured libncursesw5:i386 6.1-1ubuntu1
2020-08-06 22:34:30 status installed libncursesw5:i386 6.1-1ubuntu1
2020-08-06 22:34:30 configure libuuid1:i386 2.31.1-0.4ubuntu3 <none>
2020-08-06 22:34:30 status unpacked libuuid1:i386 2.31.1-0.4ubuntu3
2020-08-06 22:34:30 status half-configured libuuid1:i386 2.31.1-0.4ubuntu3
2020-08-06 22:34:30 status installed libuuid1:i386 2.31.1-0.4ubuntu3
2020-08-06 22:34:30 configure libdb5.3:i386 5.3.28-13.1ubuntu1 <none>
2020-08-06 22:34:30 status unpacked libdb5.3:i386 5.3.28-13.1ubuntu1
2020-08-06 22:34:30 status half-configured libdb5.3:i386 5.3.28-13.1ubuntu1
2020-08-06 22:34:30 status installed libdb5.3:i386 5.3.28-13.1ubuntu1
2020-08-06 22:34:30 configure zlib1g:i386 1:1.2.11.dfsg-0ubuntu2 <none>
2020-08-06 22:34:30 status unpacked zlib1g:i386 1:1.2.11.dfsg-0ubuntu2
2020-08-06 22:34:30 status half-configured zlib1g:i386 1:1.2.11.dfsg-0ubuntu2
2020-08-06 22:34:30 status installed zlib1g:i386 1:1.2.11.dfsg-0ubuntu2
2020-08-06 22:34:30 configure hostname:i386 3.20 <none>
2020-08-06 22:34:30 status unpacked hostname:i386 3.20
2020-08-06 22:34:30 status half-configured hostname:i386 3.20
2020-08-06 22:34:30 status installed hostname:i386 3.20
2020-08-06 22:34:30 configure mawk:i386 1.3.3-17ubuntu3 <none>
2020-08-06 22:34:30 status unpacked mawk:i386 1.3.3-17ubuntu3
2020-08-06 22:34:30 status half-configured mawk:i386 1.3.3-17ubuntu3
2020-08-06 22:34:30 status installed mawk:i386 1.3.3-17ubuntu3
2020-08-06 22:34:30 configure libsystemd0:i386 237-3ubuntu10 <none>
2020-08-06 22:34:30 status unpacked libsystemd0:i386 237-3ubuntu10
2020-08-06 22:34:30 status half-configured libsystemd0:i386 237-3ubuntu10
2020-08-06 22:34:30 status installed libsystemd0:i386 237-3ubuntu10
2020-08-06 22:34:30 configure libzstd1:i386 1.3.3+dfsg-2ubuntu1 <none>
2020-08-06 22:34:30 status unpacked libzstd1:i386 1.3.3+dfsg-2ubuntu1
2020-08-06 22:34:30 status half-configured libzstd1:i386 1.3.3+dfsg-2ubuntu1
2020-08-06 22:34:30 status installed libzstd1:i386 1.3.3+dfsg-2ubuntu1
2020-08-06 22:34:30 configure libprocps6:i386 2:3.3.12-3ubuntu1 <none>
2020-08-06 22:34:30 status unpacked libprocps6:i386 2:3.3.12-3ubuntu1
2020-08-06 22:34:30 status half-configured libprocps6:i386 2:3.3.12-3ubuntu1
2020-08-06 22:34:30 status installed libprocps6:i386 2:3.3.12-3ubuntu1
2020-08-06 22:34:30 configure libblkid1:i386 2.31.1-0.4ubuntu3 <none>
2020-08-06 22:34:30 status unpacked libblkid1:i386 2.31.1-0.4ubuntu3
2020-08-06 22:34:30 status half-configured libblkid1:i386 2.31.1-0.4ubuntu3
2020-08-06 22:34:30 status installed libblkid1:i386 2.31.1-0.4ubuntu3
2020-08-06 22:34:30 configure base-files:i386 10.1ubuntu2 <none>
2020-08-06 22:34:30 status unpacked base-files:i386 10.1ubuntu2
2020-08-06 22:34:30 status unpacked base-files:i386 10.1ubuntu2
2020-08-06 22:34:30 status unpacked base-files:i386 10.1ubuntu2
2020-08-06 22:34:30 status unpacked base-files:i386 10.1ubuntu2
2020-08-06 22:34:30 status unpacked base-files:i386 10.1ubuntu2
2020-08-06 22:34:30 status unpacked base-files:i386 10.1ubuntu2
2020-08-06 22:34:30 status unpacked base-files:i386 10.1ubuntu2
2020-08-06 22:34:30 status unpacked base-files:i386 10.1ubuntu2
2020-08-06 22:34:30 status unpacked base-files:i386 10.1ubuntu2
2020-08-06 22:34:30 status unpacked base-files:i386 10.1ubuntu2
2020-08-06 22:34:30 status unpacked base-files:i386 10.1ubuntu2
2020-08-06 22:34:30 status unpacked base-files:i386 10.1ubuntu2
2020-08-06 22:34:30 status unpacked base-files:i386 10.1ubuntu2
2020-08-06 22:34:30 status half-configured base-files:i386 10.1ubuntu2
2020-08-06 22:34:30 status installed base-files:i386 10.1ubuntu2
2020-08-06 22:34:30 configure libsemanage1:i386 2.7-2build2 <none>
2020-08-06 22:34:30 status unpacked libsemanage1:i386 2.7-2build2
2020-08-06 22:34:30 status half-configured libsemanage1:i386 2.7-2build2
2020-08-06 22:34:30 status installed libsemanage1:i386 2.7-2build2
2020-08-06 22:34:30 configure libmount1:i386 2.31.1-0.4ubuntu3 <none>
2020-08-06 22:34:30 status unpacked libmount1:i386 2.31.1-0.4ubuntu3
2020-08-06 22:34:30 status half-configured libmount1:i386 2.31.1-0.4ubuntu3
2020-08-06 22:34:30 status installed libmount1:i386 2.31.1-0.4ubuntu3
2020-08-06 22:34:30 configure libacl1:i386 2.2.52-3build1 <none>
2020-08-06 22:34:30 status unpacked libacl1:i386 2.2.52-3build1
2020-08-06 22:34:30 status half-configured libacl1:i386 2.2.52-3build1
2020-08-06 22:34:30 status installed libacl1:i386 2.2.52-3build1
2020-08-06 22:34:30 configure ncurses-bin:i386 6.1-1ubuntu1 <none>
2020-08-06 22:34:30 status unpacked ncurses-bin:i386 6.1-1ubuntu1
2020-08-06 22:34:30 status half-configured ncurses-bin:i386 6.1-1ubuntu1
2020-08-06 22:34:30 status installed ncurses-bin:i386 6.1-1ubuntu1
2020-08-06 22:34:30 configure libncurses5:i386 6.1-1ubuntu1 <none>
2020-08-06 22:34:30 status unpacked libncurses5:i386 6.1-1ubuntu1
2020-08-06 22:34:30 status half-configured libncurses5:i386 6.1-1ubuntu1
2020-08-06 22:34:30 status installed libncurses5:i386 6.1-1ubuntu1
2020-08-06 22:34:30 configure bash:i386 4.4.18-2ubuntu1 <none>
2020-08-06 22:34:30 status unpacked bash:i386 4.4.18-2ubuntu1
2020-08-06 22:34:30 status unpacked bash:i386 4.4.18-2ubuntu1
2020-08-06 22:34:30 status unpacked bash:i386 4.4.18-2ubuntu1
2020-08-06 22:34:30 status unpacked bash:i386 4.4.18-2ubuntu1
2020-08-06 22:34:30 status unpacked bash:i386 4.4.18-2ubuntu1
2020-08-06 22:34:30 status half-configured bash:i386 4.4.18-2ubuntu1
2020-08-06 22:34:30 status installed bash:i386 4.4.18-2ubuntu1
2020-08-06 22:34:30 configure bsdutils:i386 1:2.31.1-0.4ubuntu3 <none>
2020-08-06 22:34:30 status unpacked bsdutils:i386 1:2.31.1-0.4ubuntu3
2020-08-06 22:34:30 status half-configured bsdutils:i386 1:2.31.1-0.4ubuntu3
2020-08-06 22:34:30 status installed bsdutils:i386 1:2.31.1-0.4ubuntu3
2020-08-06 22:34:30 configure libfdisk1:i386 2.31.1-0.4ubuntu3 <none>
2020-08-06 22:34:30 status unpacked libfdisk1:i386 2.31.1-0.4ubuntu3
2020-08-06 22:34:30 status half-configured libfdisk1:i386 2.31.1-0.4ubuntu3
2020-08-06 22:34:30 status installed libfdisk1:i386 2.31.1-0.4ubuntu3
2020-08-06 22:34:30 configure coreutils:i386 8.28-1ubuntu1 <none>
2020-08-06 22:34:30 status unpacked coreutils:i386 8.28-1ubuntu1
2020-08-06 22:34:30 status half-configured coreutils:i386 8.28-1ubuntu1
2020-08-06 22:34:30 status installed coreutils:i386 8.28-1ubuntu1
2020-08-06 22:34:30 configure e2fsprogs:i386 1.44.1-1 <none>
2020-08-06 22:34:30 status unpacked e2fsprogs:i386 1.44.1-1
2020-08-06 22:34:30 status unpacked e2fsprogs:i386 1.44.1-1
2020-08-06 22:34:30 status half-configured e2fsprogs:i386 1.44.1-1
2020-08-06 22:34:30 status installed e2fsprogs:i386 1.44.1-1
2020-08-06 22:34:30 configure tar:i386 1.29b-2 <none>
2020-08-06 22:34:30 status unpacked tar:i386 1.29b-2
2020-08-06 22:34:30 status unpacked tar:i386 1.29b-2
2020-08-06 22:34:30 status half-configured tar:i386 1.29b-2
2020-08-06 22:34:30 status installed tar:i386 1.29b-2
2020-08-06 22:34:30 configure dpkg:i386 1.19.0.5ubuntu2 <none>
2020-08-06 22:34:30 status unpacked dpkg:i386 1.19.0.5ubuntu2
2020-08-06 22:34:30 status unpacked dpkg:i386 1.19.0.5ubuntu2
2020-08-06 22:34:30 status unpacked dpkg:i386 1.19.0.5ubuntu2
2020-08-06 22:34:30 status unpacked dpkg:i386 1.19.0.5ubuntu2
2020-08-06 22:34:30 status unpacked dpkg:i386 1.19.0.5ubuntu2
2020-08-06 22:34:30 status unpacked dpkg:i386 1.19.0.5ubuntu2
2020-08-06 22:34:30 status half-configured dpkg:i386 1.19.0.5ubuntu2
2020-08-06 22:34:30 status installed dpkg:i386 1.19.0.5ubuntu2
2020-08-06 22:34:30 configure fdisk:i386 2.31.1-0.4ubuntu3 <none>
2020-08-06 22:34:30 status unpacked fdisk:i386 2.31.1-0.4ubuntu3
2020-08-06 22:34:30 status half-configured fdisk:i386 2.31.1-0.4ubuntu3
2020-08-06 22:34:30 status installed fdisk:i386 2.31.1-0.4ubuntu3
2020-08-06 22:34:30 configure perl-base:i386 5.26.1-6 <none>
2020-08-06 22:34:30 status unpacked perl-base:i386 5.26.1-6
2020-08-06 22:34:30 status half-configured perl-base:i386 5.26.1-6
2020-08-06 22:34:30 status installed perl-base:i386 5.26.1-6
2020-08-06 22:34:30 configure grep:i386 3.1-2 <none>
2020-08-06 22:34:30 status unpacked grep:i386 3.1-2
2020-08-06 22:34:30 status half-configured grep:i386 3.1-2
2020-08-06 22:34:30 status installed grep:i386 3.1-2
2020-08-06 22:34:30 configure debconf:all 1.5.66 <none>
2020-08-06 22:34:30 status unpacked debconf:all 1.5.66
2020-08-06 22:34:30 status unpacked debconf:all 1.5.66
2020-08-06 22:34:30 status unpacked debconf:all 1.5.66
2020-08-06 22:34:30 status half-configured debconf:all 1.5.66
2020-08-06 22:34:30 status installed debconf:all 1.5.66
2020-08-06 22:34:30 configure gzip:i386 1.6-5ubuntu1 <none>
2020-08-06 22:34:30 status unpacked gzip:i386 1.6-5ubuntu1
2020-08-06 22:34:30 status half-configured gzip:i386 1.6-5ubuntu1
2020-08-06 22:34:30 status installed gzip:i386 1.6-5ubuntu1
2020-08-06 22:34:30 configure dash:i386 0.5.8-2.10 <none>
2020-08-06 22:34:30 status unpacked dash:i386 0.5.8-2.10
2020-08-06 22:34:30 status half-configured dash:i386 0.5.8-2.10
2020-08-06 22:34:30 status installed dash:i386 0.5.8-2.10
2020-08-06 22:34:30 configure init-system-helpers:all 1.51 <none>
2020-08-06 22:34:30 status unpacked init-system-helpers:all 1.51
2020-08-06 22:34:30 status half-configured init-system-helpers:all 1.51
2020-08-06 22:34:30 status installed init-system-helpers:all 1.51
2020-08-06 22:34:30 configure libpam0g:i386 1.1.8-3.6ubuntu2 <none>
2020-08-06 22:34:30 status unpacked libpam0g:i386 1.1.8-3.6ubuntu2
2020-08-06 22:34:30 status half-configured libpam0g:i386 1.1.8-3.6ubuntu2
2020-08-06 22:34:31 status installed libpam0g:i386 1.1.8-3.6ubuntu2
2020-08-06 22:34:31 configure util-linux:i386 2.31.1-0.4ubuntu3 <none>
2020-08-06 22:34:31 status unpacked util-linux:i386 2.31.1-0.4ubuntu3
2020-08-06 22:34:31 status unpacked util-linux:i386 2.31.1-0.4ubuntu3
2020-08-06 22:34:31 status unpacked util-linux:i386 2.31.1-0.4ubuntu3
2020-08-06 22:34:31 status unpacked util-linux:i386 2.31.1-0.4ubuntu3
2020-08-06 22:34:31 status half-configured util-linux:i386 2.31.1-0.4ubuntu3
2020-08-06 22:34:31 status installed util-linux:i386 2.31.1-0.4ubuntu3
2020-08-06 22:34:31 configure libpam-modules-bin:i386 1.1.8-3.6ubuntu2 <none>
2020-08-06 22:34:31 status unpacked libpam-modules-bin:i386 1.1.8-3.6ubuntu2
2020-08-06 22:34:31 status half-configured libpam-modules-bin:i386 1.1.8-3.6ubuntu2
2020-08-06 22:34:31 status installed libpam-modules-bin:i386 1.1.8-3.6ubuntu2
2020-08-06 22:34:31 configure mount:i386 2.31.1-0.4ubuntu3 <none>
2020-08-06 22:34:31 status unpacked mount:i386 2.31.1-0.4ubuntu3
2020-08-06 22:34:31 status half-configured mount:i386 2.31.1-0.4ubuntu3
2020-08-06 22:34:31 status installed mount:i386 2.31.1-0.4ubuntu3
2020-08-06 22:34:31 configure procps:i386 2:3.3.12-3ubuntu1 <none>
2020-08-06 22:34:31 status unpacked procps:i386 2:3.3.12-3ubuntu1
2020-08-06 22:34:31 status unpacked procps:i386 2:3.3.12-3ubuntu1
2020-08-06 22:34:31 status unpacked procps:i386 2:3.3.12-3ubuntu1
2020-08-06 22:34:31 status unpacked procps:i386 2:3.3.12-3ubuntu1
2020-08-06 22:34:31 status unpacked procps:i386 2:3.3.12-3ubuntu1
2020-08-06 22:34:31 status unpacked procps:i386 2:3.3.12-3ubuntu1
2020-08-06 22:34:31 status unpacked procps:i386 2:3.3.12-3ubuntu1
2020-08-06 22:34:31 status unpacked procps:i386 2:3.3.12-3ubuntu1
2020-08-06 22:34:31 status unpacked procps:i386 2:3.3.12-3ubuntu1
2020-08-06 22:34:31 status unpacked procps:i386 2:3.3.12-3ubuntu1
2020-08-06 22:34:31 status unpacked procps:i386 2:3.3.12-3ubuntu1
2020-08-06 22:34:31 status unpacked procps:i386 2:3.3.12-3ubuntu1
2020-08-06 22:34:31 status half-configured procps:i386 2:3.3.12-3ubuntu1
2020-08-06 22:34:31 status installed procps:i386 2:3.3.12-3ubuntu1
2020-08-06 22:34:31 configure sysvinit-utils:i386 2.88dsf-59.10ubuntu1 <none>
2020-08-06 22:34:31 status unpacked sysvinit-utils:i386 2.88dsf-59.10ubuntu1
2020-08-06 22:34:31 status half-configured sysvinit-utils:i386 2.88dsf-59.10ubuntu1
2020-08-06 22:34:31 status installed sysvinit-utils:i386 2.88dsf-59.10ubuntu1
2020-08-06 22:34:31 configure libpam-modules:i386 1.1.8-3.6ubuntu2 <none>
2020-08-06 22:34:31 status unpacked libpam-modules:i386 1.1.8-3.6ubuntu2
2020-08-06 22:34:31 status unpacked libpam-modules:i386 1.1.8-3.6ubuntu2
2020-08-06 22:34:31 status unpacked libpam-modules:i386 1.1.8-3.6ubuntu2
2020-08-06 22:34:31 status unpacked libpam-modules:i386 1.1.8-3.6ubuntu2
2020-08-06 22:34:31 status unpacked libpam-modules:i386 1.1.8-3.6ubuntu2
2020-08-06 22:34:31 status unpacked libpam-modules:i386 1.1.8-3.6ubuntu2
2020-08-06 22:34:31 status unpacked libpam-modules:i386 1.1.8-3.6ubuntu2
2020-08-06 22:34:31 status unpacked libpam-modules:i386 1.1.8-3.6ubuntu2
2020-08-06 22:34:31 status unpacked libpam-modules:i386 1.1.8-3.6ubuntu2
2020-08-06 22:34:31 status half-configured libpam-modules:i386 1.1.8-3.6ubuntu2
2020-08-06 22:34:31 status installed libpam-modules:i386 1.1.8-3.6ubuntu2
2020-08-06 22:34:31 configure libpam-runtime:all 1.1.8-3.6ubuntu2 <none>
2020-08-06 22:34:31 status unpacked libpam-runtime:all 1.1.8-3.6ubuntu2
2020-08-06 22:34:31 status unpacked libpam-runtime:all 1.1.8-3.6ubuntu2
2020-08-06 22:34:31 status unpacked libpam-runtime:all 1.1.8-3.6ubuntu2
2020-08-06 22:34:31 status half-configured libpam-runtime:all 1.1.8-3.6ubuntu2
2020-08-06 22:34:31 status installed libpam-runtime:all 1.1.8-3.6ubuntu2
2020-08-06 22:34:31 configure passwd:i386 1:4.5-1ubuntu1 <none>
2020-08-06 22:34:31 status unpacked passwd:i386 1:4.5-1ubuntu1
2020-08-06 22:34:31 status unpacked passwd:i386 1:4.5-1ubuntu1
2020-08-06 22:34:31 status unpacked passwd:i386 1:4.5-1ubuntu1
2020-08-06 22:34:31 status unpacked passwd:i386 1:4.5-1ubuntu1
2020-08-06 22:34:31 status unpacked passwd:i386 1:4.5-1ubuntu1
2020-08-06 22:34:31 status unpacked passwd:i386 1:4.5-1ubuntu1
2020-08-06 22:34:31 status unpacked passwd:i386 1:4.5-1ubuntu1
2020-08-06 22:34:31 status unpacked passwd:i386 1:4.5-1ubuntu1
2020-08-06 22:34:31 status half-configured passwd:i386 1:4.5-1ubuntu1
2020-08-06 22:34:31 status installed passwd:i386 1:4.5-1ubuntu1
2020-08-06 22:34:31 configure login:i386 1:4.5-1ubuntu1 <none>
2020-08-06 22:34:31 status unpacked login:i386 1:4.5-1ubuntu1
2020-08-06 22:34:31 status unpacked login:i386 1:4.5-1ubuntu1
2020-08-06 22:34:31 status unpacked login:i386 1:4.5-1ubuntu1
2020-08-06 22:34:31 status unpacked login:i386 1:4.5-1ubuntu1
2020-08-06 22:34:31 status unpacked login:i386 1:4.5-1ubuntu1
2020-08-06 22:34:31 status half-configured login:i386 1:4.5-1ubuntu1
2020-08-06 22:34:31 status installed login:i386 1:4.5-1ubuntu1
2020-08-06 22:34:31 trigproc libc-bin:i386 2.27-3ubuntu1 <none>
2020-08-06 22:34:31 status half-configured libc-bin:i386 2.27-3ubuntu1
2020-08-06 22:34:31 status installed libc-bin:i386 2.27-3ubuntu1
2020-08-06 22:34:32 startup archives unpack
2020-08-06 22:34:32 install adduser:all <none> 3.116ubuntu1
2020-08-06 22:34:32 status half-installed adduser:all 3.116ubuntu1
2020-08-06 22:34:32 status unpacked adduser:all 3.116ubuntu1
2020-08-06 22:34:32 status unpacked adduser:all 3.116ubuntu1
2020-08-06 22:34:32 install apt:i386 <none> 1.6.1
2020-08-06 22:34:32 status triggers-pending libc-bin:i386 2.27-3ubuntu1
2020-08-06 22:34:32 status half-installed apt:i386 1.6.1
2020-08-06 22:34:32 status unpacked apt:i386 1.6.1
2020-08-06 22:34:32 status unpacked apt:i386 1.6.1
2020-08-06 22:34:32 install bzip2:i386 <none> 1.0.6-8.1
2020-08-06 22:34:32 status half-installed bzip2:i386 1.0.6-8.1
2020-08-06 22:34:32 status unpacked bzip2:i386 1.0.6-8.1
2020-08-06 22:34:32 status unpacked bzip2:i386 1.0.6-8.1
2020-08-06 22:34:32 install gpgv:i386 <none> 2.2.4-1ubuntu1
2020-08-06 22:34:32 status half-installed gpgv:i386 2.2.4-1ubuntu1
2020-08-06 22:34:32 status unpacked gpgv:i386 2.2.4-1ubuntu1
2020-08-06 22:34:32 status unpacked gpgv:i386 2.2.4-1ubuntu1
2020-08-06 22:34:32 install libapt-pkg5.0:i386 <none> 1.6.1
2020-08-06 22:34:32 status half-installed libapt-pkg5.0:i386 1.6.1
2020-08-06 22:34:32 status unpacked libapt-pkg5.0:i386 1.6.1
2020-08-06 22:34:32 status unpacked libapt-pkg5.0:i386 1.6.1
2020-08-06 22:34:32 install libffi6:i386 <none> 3.2.1-8
2020-08-06 22:34:32 status half-installed libffi6:i386 3.2.1-8
2020-08-06 22:34:32 status unpacked libffi6:i386 3.2.1-8
2020-08-06 22:34:32 status unpacked libffi6:i386 3.2.1-8
2020-08-06 22:34:32 install libgmp10:i386 <none> 2:6.1.2+dfsg-2
2020-08-06 22:34:32 status half-installed libgmp10:i386 2:6.1.2+dfsg-2
2020-08-06 22:34:32 status unpacked libgmp10:i386 2:6.1.2+dfsg-2
2020-08-06 22:34:32 status unpacked libgmp10:i386 2:6.1.2+dfsg-2
2020-08-06 22:34:32 install libgnutls30:i386 <none> 3.5.18-1ubuntu1
2020-08-06 22:34:32 status half-installed libgnutls30:i386 3.5.18-1ubuntu1
2020-08-06 22:34:32 status unpacked libgnutls30:i386 3.5.18-1ubuntu1
2020-08-06 22:34:32 status unpacked libgnutls30:i386 3.5.18-1ubuntu1
2020-08-06 22:34:33 install libhogweed4:i386 <none> 3.4-1
2020-08-06 22:34:33 status half-installed libhogweed4:i386 3.4-1
2020-08-06 22:34:33 status unpacked libhogweed4:i386 3.4-1
2020-08-06 22:34:33 status unpacked libhogweed4:i386 3.4-1
2020-08-06 22:34:33 install libidn2-0:i386 <none> 2.0.4-1.1build2
2020-08-06 22:34:33 status half-installed libidn2-0:i386 2.0.4-1.1build2
2020-08-06 22:34:33 status unpacked libidn2-0:i386 2.0.4-1.1build2
2020-08-06 22:34:33 status unpacked libidn2-0:i386 2.0.4-1.1build2
2020-08-06 22:34:33 install libnettle6:i386 <none> 3.4-1
2020-08-06 22:34:33 status half-installed libnettle6:i386 3.4-1
2020-08-06 22:34:33 status unpacked libnettle6:i386 3.4-1
2020-08-06 22:34:33 status unpacked libnettle6:i386 3.4-1
2020-08-06 22:34:33 install libp11-kit0:i386 <none> 0.23.9-2
2020-08-06 22:34:33 status half-installed libp11-kit0:i386 0.23.9-2
2020-08-06 22:34:33 status unpacked libp11-kit0:i386 0.23.9-2
2020-08-06 22:34:33 status unpacked libp11-kit0:i386 0.23.9-2
2020-08-06 22:34:33 install libseccomp2:i386 <none> 2.3.1-2.1ubuntu4
2020-08-06 22:34:33 status half-installed libseccomp2:i386 2.3.1-2.1ubuntu4
2020-08-06 22:34:33 status unpacked libseccomp2:i386 2.3.1-2.1ubuntu4
2020-08-06 22:34:33 status unpacked libseccomp2:i386 2.3.1-2.1ubuntu4
2020-08-06 22:34:33 install libstdc++6:i386 <none> 8-20180414-1ubuntu2
2020-08-06 22:34:33 status half-installed libstdc++6:i386 8-20180414-1ubuntu2
2020-08-06 22:34:33 status unpacked libstdc++6:i386 8-20180414-1ubuntu2
2020-08-06 22:34:33 status unpacked libstdc++6:i386 8-20180414-1ubuntu2
2020-08-06 22:34:33 install libtasn1-6:i386 <none> 4.13-2
2020-08-06 22:34:33 status half-installed libtasn1-6:i386 4.13-2
2020-08-06 22:34:33 status unpacked libtasn1-6:i386 4.13-2
2020-08-06 22:34:33 status unpacked libtasn1-6:i386 4.13-2
2020-08-06 22:34:33 install libunistring2:i386 <none> 0.9.9-0ubuntu1
2020-08-06 22:34:33 status half-installed libunistring2:i386 0.9.9-0ubuntu1
2020-08-06 22:34:33 status unpacked libunistring2:i386 0.9.9-0ubuntu1
2020-08-06 22:34:33 status unpacked libunistring2:i386 0.9.9-0ubuntu1
2020-08-06 22:34:33 install ubuntu-keyring:all <none> 2018.02.28
2020-08-06 22:34:33 status half-installed ubuntu-keyring:all 2018.02.28
2020-08-06 22:34:33 status unpacked ubuntu-keyring:all 2018.02.28
2020-08-06 22:34:33 status unpacked ubuntu-keyring:all 2018.02.28
2020-08-06 22:34:33 trigproc libc-bin:i386 2.27-3ubuntu1 <none>
2020-08-06 22:34:33 status half-configured libc-bin:i386 2.27-3ubuntu1
2020-08-06 22:34:33 status installed libc-bin:i386 2.27-3ubuntu1
2020-08-06 22:34:33 startup packages configure
2020-08-06 22:34:33 configure libunistring2:i386 0.9.9-0ubuntu1 <none>
2020-08-06 22:34:33 status triggers-pending libc-bin:i386 2.27-3ubuntu1
2020-08-06 22:34:33 status unpacked libunistring2:i386 0.9.9-0ubuntu1
2020-08-06 22:34:33 status half-configured libunistring2:i386 0.9.9-0ubuntu1
2020-08-06 22:34:33 status installed libunistring2:i386 0.9.9-0ubuntu1
2020-08-06 22:34:33 configure libnettle6:i386 3.4-1 <none>
2020-08-06 22:34:33 status unpacked libnettle6:i386 3.4-1
2020-08-06 22:34:33 status half-configured libnettle6:i386 3.4-1
2020-08-06 22:34:33 status installed libnettle6:i386 3.4-1
2020-08-06 22:34:33 configure libidn2-0:i386 2.0.4-1.1build2 <none>
2020-08-06 22:34:33 status unpacked libidn2-0:i386 2.0.4-1.1build2
2020-08-06 22:34:33 status half-configured libidn2-0:i386 2.0.4-1.1build2
2020-08-06 22:34:33 status installed libidn2-0:i386 2.0.4-1.1build2
2020-08-06 22:34:33 configure gpgv:i386 2.2.4-1ubuntu1 <none>
2020-08-06 22:34:33 status unpacked gpgv:i386 2.2.4-1ubuntu1
2020-08-06 22:34:33 status half-configured gpgv:i386 2.2.4-1ubuntu1
2020-08-06 22:34:33 status installed gpgv:i386 2.2.4-1ubuntu1
2020-08-06 22:34:33 configure libtasn1-6:i386 4.13-2 <none>
2020-08-06 22:34:33 status unpacked libtasn1-6:i386 4.13-2
2020-08-06 22:34:33 status half-configured libtasn1-6:i386 4.13-2
2020-08-06 22:34:33 status installed libtasn1-6:i386 4.13-2
2020-08-06 22:34:33 configure bzip2:i386 1.0.6-8.1 <none>
2020-08-06 22:34:33 status unpacked bzip2:i386 1.0.6-8.1
2020-08-06 22:34:33 status half-configured bzip2:i386 1.0.6-8.1
2020-08-06 22:34:33 status installed bzip2:i386 1.0.6-8.1
2020-08-06 22:34:33 configure libgmp10:i386 2:6.1.2+dfsg-2 <none>
2020-08-06 22:34:33 status unpacked libgmp10:i386 2:6.1.2+dfsg-2
2020-08-06 22:34:33 status half-configured libgmp10:i386 2:6.1.2+dfsg-2
2020-08-06 22:34:33 status installed libgmp10:i386 2:6.1.2+dfsg-2
2020-08-06 22:34:33 configure libseccomp2:i386 2.3.1-2.1ubuntu4 <none>
2020-08-06 22:34:33 status unpacked libseccomp2:i386 2.3.1-2.1ubuntu4
2020-08-06 22:34:33 status half-configured libseccomp2:i386 2.3.1-2.1ubuntu4
2020-08-06 22:34:33 status installed libseccomp2:i386 2.3.1-2.1ubuntu4
2020-08-06 22:34:33 configure libstdc++6:i386 8-20180414-1ubuntu2 <none>
2020-08-06 22:34:33 status unpacked libstdc++6:i386 8-20180414-1ubuntu2
2020-08-06 22:34:33 status half-configured libstdc++6:i386 8-20180414-1ubuntu2
2020-08-06 22:34:33 status installed libstdc++6:i386 8-20180414-1ubuntu2
2020-08-06 22:34:33 configure libffi6:i386 3.2.1-8 <none>
2020-08-06 22:34:33 status unpacked libffi6:i386 3.2.1-8
2020-08-06 22:34:33 status half-configured libffi6:i386 3.2.1-8
2020-08-06 22:34:33 status installed libffi6:i386 3.2.1-8
2020-08-06 22:34:33 configure adduser:all 3.116ubuntu1 <none>
2020-08-06 22:34:33 status unpacked adduser:all 3.116ubuntu1
2020-08-06 22:34:33 status unpacked adduser:all 3.116ubuntu1
2020-08-06 22:34:33 status half-configured adduser:all 3.116ubuntu1
2020-08-06 22:34:33 status installed adduser:all 3.116ubuntu1
2020-08-06 22:34:33 configure ubuntu-keyring:all 2018.02.28 <none>
2020-08-06 22:34:33 status unpacked ubuntu-keyring:all 2018.02.28
2020-08-06 22:34:33 status half-configured ubuntu-keyring:all 2018.02.28
2020-08-06 22:34:33 status installed ubuntu-keyring:all 2018.02.28
2020-08-06 22:34:33 configure libapt-pkg5.0:i386 1.6.1 <none>
2020-08-06 22:34:33 status unpacked libapt-pkg5.0:i386 1.6.1
2020-08-06 22:34:33 status half-configured libapt-pkg5.0:i386 1.6.1
2020-08-06 22:34:33 status installed libapt-pkg5.0:i386 1.6.1
2020-08-06 22:34:33 configure libhogweed4:i386 3.4-1 <none>
2020-08-06 22:34:33 status unpacked libhogweed4:i386 3.4-1
2020-08-06 22:34:33 status half-configured libhogweed4:i386 3.4-1
2020-08-06 22:34:33 status installed libhogweed4:i386 3.4-1
2020-08-06 22:34:33 configure libp11-kit0:i386 0.23.9-2 <none>
2020-08-06 22:34:33 status unpacked libp11-kit0:i386 0.23.9-2
2020-08-06 22:34:33 status half-configured libp11-kit0:i386 0.23.9-2
2020-08-06 22:34:33 status installed libp11-kit0:i386 0.23.9-2
2020-08-06 22:34:33 configure libgnutls30:i386 3.5.18-1ubuntu1 <none>
2020-08-06 22:34:33 status unpacked libgnutls30:i386 3.5.18-1ubuntu1
2020-08-06 22:34:33 status half-configured libgnutls30:i386 3.5.18-1ubuntu1
2020-08-06 22:34:33 status installed libgnutls30:i386 3.5.18-1ubuntu1
2020-08-06 22:34:33 configure apt:i386 1.6.1 <none>
2020-08-06 22:34:33 status unpacked apt:i386 1.6.1
2020-08-06 22:34:33 status unpacked apt:i386 1.6.1
2020-08-06 22:34:33 status unpacked apt:i386 1.6.1
2020-08-06 22:34:33 status unpacked apt:i386 1.6.1
2020-08-06 22:34:33 status unpacked apt:i386 1.6.1
2020-08-06 22:34:33 status unpacked apt:i386 1.6.1
2020-08-06 22:34:33 status half-configured apt:i386 1.6.1
2020-08-06 22:34:34 status installed apt:i386 1.6.1
2020-08-06 22:34:34 trigproc libc-bin:i386 2.27-3ubuntu1 <none>
2020-08-06 22:34:34 status half-configured libc-bin:i386 2.27-3ubuntu1
2020-08-06 22:34:34 status installed libc-bin:i386 2.27-3ubuntu1
2020-08-06 22:34:40 startup archives unpack
2020-08-06 22:34:40 upgrade libc6:i386 2.27-3ubuntu1 2.27-3ubuntu1
2020-08-06 22:34:40 status triggers-pending libc-bin:i386 2.27-3ubuntu1
2020-08-06 22:34:40 status half-configured libc6:i386 2.27-3ubuntu1
2020-08-06 22:34:40 status unpacked libc6:i386 2.27-3ubuntu1
2020-08-06 22:34:40 status half-installed libc6:i386 2.27-3ubuntu1
2020-08-06 22:34:41 status half-installed libc6:i386 2.27-3ubuntu1
2020-08-06 22:34:41 status unpacked libc6:i386 2.27-3ubuntu1
2020-08-06 22:34:41 status unpacked libc6:i386 2.27-3ubuntu1
2020-08-06 22:34:41 upgrade libgcc1:i386 1:8-20180414-1ubuntu2 1:8-20180414-1ubuntu2
2020-08-06 22:34:41 status half-configured libgcc1:i386 1:8-20180414-1ubuntu2
2020-08-06 22:34:41 status unpacked libgcc1:i386 1:8-20180414-1ubuntu2
2020-08-06 22:34:41 status half-installed libgcc1:i386 1:8-20180414-1ubuntu2
2020-08-06 22:34:41 status half-installed libgcc1:i386 1:8-20180414-1ubuntu2
2020-08-06 22:34:41 status unpacked libgcc1:i386 1:8-20180414-1ubuntu2
2020-08-06 22:34:41 status unpacked libgcc1:i386 1:8-20180414-1ubuntu2
2020-08-06 22:34:41 upgrade gcc-8-base:i386 8-20180414-1ubuntu2 8-20180414-1ubuntu2
2020-08-06 22:34:41 status half-configured gcc-8-base:i386 8-20180414-1ubuntu2
2020-08-06 22:34:41 status unpacked gcc-8-base:i386 8-20180414-1ubuntu2
2020-08-06 22:34:41 status half-installed gcc-8-base:i386 8-20180414-1ubuntu2
2020-08-06 22:34:41 status half-installed gcc-8-base:i386 8-20180414-1ubuntu2
2020-08-06 22:34:41 status unpacked gcc-8-base:i386 8-20180414-1ubuntu2
2020-08-06 22:34:41 status unpacked gcc-8-base:i386 8-20180414-1ubuntu2
2020-08-06 22:34:42 startup packages configure
2020-08-06 22:34:42 configure gcc-8-base:i386 8-20180414-1ubuntu2 <none>
2020-08-06 22:34:42 status unpacked gcc-8-base:i386 8-20180414-1ubuntu2
2020-08-06 22:34:42 status half-configured gcc-8-base:i386 8-20180414-1ubuntu2
2020-08-06 22:34:42 status installed gcc-8-base:i386 8-20180414-1ubuntu2
2020-08-06 22:34:42 configure libgcc1:i386 1:8-20180414-1ubuntu2 <none>
2020-08-06 22:34:42 status unpacked libgcc1:i386 1:8-20180414-1ubuntu2
2020-08-06 22:34:42 status half-configured libgcc1:i386 1:8-20180414-1ubuntu2
2020-08-06 22:34:42 status installed libgcc1:i386 1:8-20180414-1ubuntu2
2020-08-06 22:34:42 configure libc6:i386 2.27-3ubuntu1 <none>
2020-08-06 22:34:42 status unpacked libc6:i386 2.27-3ubuntu1
2020-08-06 22:34:42 status unpacked libc6:i386 2.27-3ubuntu1
2020-08-06 22:34:42 status half-configured libc6:i386 2.27-3ubuntu1
2020-08-06 22:34:43 status installed libc6:i386 2.27-3ubuntu1
2020-08-06 22:34:43 startup archives unpack
2020-08-06 22:34:43 upgrade mawk:i386 1.3.3-17ubuntu3 1.3.3-17ubuntu3
2020-08-06 22:34:43 status half-configured mawk:i386 1.3.3-17ubuntu3
2020-08-06 22:34:43 status unpacked mawk:i386 1.3.3-17ubuntu3
2020-08-06 22:34:43 status half-installed mawk:i386 1.3.3-17ubuntu3
2020-08-06 22:34:43 status half-installed mawk:i386 1.3.3-17ubuntu3
2020-08-06 22:34:43 status unpacked mawk:i386 1.3.3-17ubuntu3
2020-08-06 22:34:43 status unpacked mawk:i386 1.3.3-17ubuntu3
2020-08-06 22:34:44 startup packages configure
2020-08-06 22:34:44 configure mawk:i386 1.3.3-17ubuntu3 <none>
2020-08-06 22:34:44 status unpacked mawk:i386 1.3.3-17ubuntu3
2020-08-06 22:34:44 status half-configured mawk:i386 1.3.3-17ubuntu3
2020-08-06 22:34:44 status installed mawk:i386 1.3.3-17ubuntu3
2020-08-06 22:34:44 startup archives unpack
2020-08-06 22:34:44 upgrade base-files:i386 10.1ubuntu2 10.1ubuntu2
2020-08-06 22:34:44 status half-configured base-files:i386 10.1ubuntu2
2020-08-06 22:34:44 status unpacked base-files:i386 10.1ubuntu2
2020-08-06 22:34:44 status half-installed base-files:i386 10.1ubuntu2
2020-08-06 22:34:44 status half-installed base-files:i386 10.1ubuntu2
2020-08-06 22:34:44 status unpacked base-files:i386 10.1ubuntu2
2020-08-06 22:34:44 status unpacked base-files:i386 10.1ubuntu2
2020-08-06 22:34:44 startup packages configure
2020-08-06 22:34:44 configure base-files:i386 10.1ubuntu2 <none>
2020-08-06 22:34:44 status unpacked base-files:i386 10.1ubuntu2
2020-08-06 22:34:44 status unpacked base-files:i386 10.1ubuntu2
2020-08-06 22:34:44 status unpacked base-files:i386 10.1ubuntu2
2020-08-06 22:34:44 status unpacked base-files:i386 10.1ubuntu2
2020-08-06 22:34:44 status unpacked base-files:i386 10.1ubuntu2
2020-08-06 22:34:44 status unpacked base-files:i386 10.1ubuntu2
2020-08-06 22:34:44 status unpacked base-files:i386 10.1ubuntu2
2020-08-06 22:34:44 status unpacked base-files:i386 10.1ubuntu2
2020-08-06 22:34:44 status unpacked base-files:i386 10.1ubuntu2
2020-08-06 22:34:44 status unpacked base-files:i386 10.1ubuntu2
2020-08-06 22:34:44 status unpacked base-files:i386 10.1ubuntu2
2020-08-06 22:34:44 status unpacked base-files:i386 10.1ubuntu2
2020-08-06 22:34:44 status unpacked base-files:i386 10.1ubuntu2
2020-08-06 22:34:44 status half-configured base-files:i386 10.1ubuntu2
2020-08-06 22:34:45 status installed base-files:i386 10.1ubuntu2
2020-08-06 22:34:45 startup archives unpack
2020-08-06 22:34:45 upgrade libtinfo5:i386 6.1-1ubuntu1 6.1-1ubuntu1
2020-08-06 22:34:45 status half-configured libtinfo5:i386 6.1-1ubuntu1
2020-08-06 22:34:45 status unpacked libtinfo5:i386 6.1-1ubuntu1
2020-08-06 22:34:45 status half-installed libtinfo5:i386 6.1-1ubuntu1
2020-08-06 22:34:45 status half-installed libtinfo5:i386 6.1-1ubuntu1
2020-08-06 22:34:45 status unpacked libtinfo5:i386 6.1-1ubuntu1
2020-08-06 22:34:45 status unpacked libtinfo5:i386 6.1-1ubuntu1
2020-08-06 22:34:45 startup packages configure
2020-08-06 22:34:45 configure libtinfo5:i386 6.1-1ubuntu1 <none>
2020-08-06 22:34:45 status unpacked libtinfo5:i386 6.1-1ubuntu1
2020-08-06 22:34:45 status half-configured libtinfo5:i386 6.1-1ubuntu1
2020-08-06 22:34:45 status installed libtinfo5:i386 6.1-1ubuntu1
2020-08-06 22:34:46 startup archives unpack
2020-08-06 22:34:46 upgrade bash:i386 4.4.18-2ubuntu1 4.4.18-2ubuntu1
2020-08-06 22:34:46 status half-configured bash:i386 4.4.18-2ubuntu1
2020-08-06 22:34:46 status unpacked bash:i386 4.4.18-2ubuntu1
2020-08-06 22:34:46 status half-installed bash:i386 4.4.18-2ubuntu1
2020-08-06 22:34:46 status half-installed bash:i386 4.4.18-2ubuntu1
2020-08-06 22:34:46 status unpacked bash:i386 4.4.18-2ubuntu1
2020-08-06 22:34:46 status unpacked bash:i386 4.4.18-2ubuntu1
2020-08-06 22:34:46 upgrade debianutils:i386 4.8.4 4.8.4
2020-08-06 22:34:46 status half-configured debianutils:i386 4.8.4
2020-08-06 22:34:46 status unpacked debianutils:i386 4.8.4
2020-08-06 22:34:46 status half-installed debianutils:i386 4.8.4
2020-08-06 22:34:46 status half-installed debianutils:i386 4.8.4
2020-08-06 22:34:46 status unpacked debianutils:i386 4.8.4
2020-08-06 22:34:46 status unpacked debianutils:i386 4.8.4
2020-08-06 22:34:46 startup packages configure
2020-08-06 22:34:46 configure debianutils:i386 4.8.4 <none>
2020-08-06 22:34:46 status unpacked debianutils:i386 4.8.4
2020-08-06 22:34:46 status half-configured debianutils:i386 4.8.4
2020-08-06 22:34:46 status installed debianutils:i386 4.8.4
2020-08-06 22:34:46 configure bash:i386 4.4.18-2ubuntu1 <none>
2020-08-06 22:34:46 status unpacked bash:i386 4.4.18-2ubuntu1
2020-08-06 22:34:46 status unpacked bash:i386 4.4.18-2ubuntu1
2020-08-06 22:34:46 status unpacked bash:i386 4.4.18-2ubuntu1
2020-08-06 22:34:46 status unpacked bash:i386 4.4.18-2ubuntu1
2020-08-06 22:34:46 status unpacked bash:i386 4.4.18-2ubuntu1
2020-08-06 22:34:46 status half-configured bash:i386 4.4.18-2ubuntu1
2020-08-06 22:34:46 status installed bash:i386 4.4.18-2ubuntu1
2020-08-06 22:34:47 startup archives unpack
2020-08-06 22:34:47 upgrade libgcrypt20:i386 1.8.1-4ubuntu1 1.8.1-4ubuntu1
2020-08-06 22:34:47 status half-configured libgcrypt20:i386 1.8.1-4ubuntu1
2020-08-06 22:34:47 status unpacked libgcrypt20:i386 1.8.1-4ubuntu1
2020-08-06 22:34:47 status half-installed libgcrypt20:i386 1.8.1-4ubuntu1
2020-08-06 22:34:47 status half-installed libgcrypt20:i386 1.8.1-4ubuntu1
2020-08-06 22:34:47 status unpacked libgcrypt20:i386 1.8.1-4ubuntu1
2020-08-06 22:34:47 status unpacked libgcrypt20:i386 1.8.1-4ubuntu1
2020-08-06 22:34:47 upgrade libgpg-error0:i386 1.27-6 1.27-6
2020-08-06 22:34:47 status half-configured libgpg-error0:i386 1.27-6
2020-08-06 22:34:47 status unpacked libgpg-error0:i386 1.27-6
2020-08-06 22:34:47 status half-installed libgpg-error0:i386 1.27-6
2020-08-06 22:34:47 status half-installed libgpg-error0:i386 1.27-6
2020-08-06 22:34:47 status unpacked libgpg-error0:i386 1.27-6
2020-08-06 22:34:47 status unpacked libgpg-error0:i386 1.27-6
2020-08-06 22:34:47 startup packages configure
2020-08-06 22:34:47 configure libgpg-error0:i386 1.27-6 <none>
2020-08-06 22:34:47 status unpacked libgpg-error0:i386 1.27-6
2020-08-06 22:34:47 status half-configured libgpg-error0:i386 1.27-6
2020-08-06 22:34:47 status installed libgpg-error0:i386 1.27-6
2020-08-06 22:34:47 configure libgcrypt20:i386 1.8.1-4ubuntu1 <none>
2020-08-06 22:34:47 status unpacked libgcrypt20:i386 1.8.1-4ubuntu1
2020-08-06 22:34:47 status half-configured libgcrypt20:i386 1.8.1-4ubuntu1
2020-08-06 22:34:47 status installed libgcrypt20:i386 1.8.1-4ubuntu1
2020-08-06 22:34:48 startup archives unpack
2020-08-06 22:34:48 upgrade liblz4-1:i386 0.0~r131-2ubuntu3 0.0~r131-2ubuntu3
2020-08-06 22:34:48 status half-configured liblz4-1:i386 0.0~r131-2ubuntu3
2020-08-06 22:34:48 status unpacked liblz4-1:i386 0.0~r131-2ubuntu3
2020-08-06 22:34:48 status half-installed liblz4-1:i386 0.0~r131-2ubuntu3
2020-08-06 22:34:48 status half-installed liblz4-1:i386 0.0~r131-2ubuntu3
2020-08-06 22:34:48 status unpacked liblz4-1:i386 0.0~r131-2ubuntu3
2020-08-06 22:34:48 status unpacked liblz4-1:i386 0.0~r131-2ubuntu3
2020-08-06 22:34:48 startup packages configure
2020-08-06 22:34:48 configure liblz4-1:i386 0.0~r131-2ubuntu3 <none>
2020-08-06 22:34:48 status unpacked liblz4-1:i386 0.0~r131-2ubuntu3
2020-08-06 22:34:48 status half-configured liblz4-1:i386 0.0~r131-2ubuntu3
2020-08-06 22:34:48 status installed liblz4-1:i386 0.0~r131-2ubuntu3
2020-08-06 22:34:48 startup archives unpack
2020-08-06 22:34:48 upgrade liblzma5:i386 5.2.2-1.3 5.2.2-1.3
2020-08-06 22:34:48 status half-configured liblzma5:i386 5.2.2-1.3
2020-08-06 22:34:48 status unpacked liblzma5:i386 5.2.2-1.3
2020-08-06 22:34:48 status half-installed liblzma5:i386 5.2.2-1.3
2020-08-06 22:34:48 status half-installed liblzma5:i386 5.2.2-1.3
2020-08-06 22:34:48 status unpacked liblzma5:i386 5.2.2-1.3
2020-08-06 22:34:48 status unpacked liblzma5:i386 5.2.2-1.3
2020-08-06 22:34:49 startup packages configure
2020-08-06 22:34:49 configure liblzma5:i386 5.2.2-1.3 <none>
2020-08-06 22:34:49 status unpacked liblzma5:i386 5.2.2-1.3
2020-08-06 22:34:49 status half-configured liblzma5:i386 5.2.2-1.3
2020-08-06 22:34:49 status installed liblzma5:i386 5.2.2-1.3
2020-08-06 22:34:49 startup archives unpack
2020-08-06 22:34:49 upgrade libsystemd0:i386 237-3ubuntu10 237-3ubuntu10
2020-08-06 22:34:49 status half-configured libsystemd0:i386 237-3ubuntu10
2020-08-06 22:34:49 status unpacked libsystemd0:i386 237-3ubuntu10
2020-08-06 22:34:49 status half-installed libsystemd0:i386 237-3ubuntu10
2020-08-06 22:34:49 status half-installed libsystemd0:i386 237-3ubuntu10
2020-08-06 22:34:49 status unpacked libsystemd0:i386 237-3ubuntu10
2020-08-06 22:34:49 status unpacked libsystemd0:i386 237-3ubuntu10
2020-08-06 22:34:50 startup packages configure
2020-08-06 22:34:50 configure libsystemd0:i386 237-3ubuntu10 <none>
2020-08-06 22:34:50 status unpacked libsystemd0:i386 237-3ubuntu10
2020-08-06 22:34:50 status half-configured libsystemd0:i386 237-3ubuntu10
2020-08-06 22:34:50 status installed libsystemd0:i386 237-3ubuntu10
2020-08-06 22:34:50 startup archives unpack
2020-08-06 22:34:50 upgrade bsdutils:i386 1:2.31.1-0.4ubuntu3 1:2.31.1-0.4ubuntu3
2020-08-06 22:34:50 status half-configured bsdutils:i386 1:2.31.1-0.4ubuntu3
2020-08-06 22:34:50 status unpacked bsdutils:i386 1:2.31.1-0.4ubuntu3
2020-08-06 22:34:50 status half-installed bsdutils:i386 1:2.31.1-0.4ubuntu3
2020-08-06 22:34:50 status half-installed bsdutils:i386 1:2.31.1-0.4ubuntu3
2020-08-06 22:34:50 status unpacked bsdutils:i386 1:2.31.1-0.4ubuntu3
2020-08-06 22:34:50 status unpacked bsdutils:i386 1:2.31.1-0.4ubuntu3
2020-08-06 22:34:50 startup packages configure
2020-08-06 22:34:50 configure bsdutils:i386 1:2.31.1-0.4ubuntu3 <none>
2020-08-06 22:34:50 status unpacked bsdutils:i386 1:2.31.1-0.4ubuntu3
2020-08-06 22:34:50 status half-configured bsdutils:i386 1:2.31.1-0.4ubuntu3
2020-08-06 22:34:50 status installed bsdutils:i386 1:2.31.1-0.4ubuntu3
2020-08-06 22:34:51 startup archives unpack
2020-08-06 22:34:51 upgrade libacl1:i386 2.2.52-3build1 2.2.52-3build1
2020-08-06 22:34:51 status half-configured libacl1:i386 2.2.52-3build1
2020-08-06 22:34:51 status unpacked libacl1:i386 2.2.52-3build1
2020-08-06 22:34:51 status half-installed libacl1:i386 2.2.52-3build1
2020-08-06 22:34:51 status half-installed libacl1:i386 2.2.52-3build1
2020-08-06 22:34:51 status unpacked libacl1:i386 2.2.52-3build1
2020-08-06 22:34:51 status unpacked libacl1:i386 2.2.52-3build1
2020-08-06 22:34:51 upgrade libattr1:i386 1:2.4.47-2build1 1:2.4.47-2build1
2020-08-06 22:34:51 status half-configured libattr1:i386 1:2.4.47-2build1
2020-08-06 22:34:51 status unpacked libattr1:i386 1:2.4.47-2build1
2020-08-06 22:34:51 status half-installed libattr1:i386 1:2.4.47-2build1
2020-08-06 22:34:51 status half-installed libattr1:i386 1:2.4.47-2build1
2020-08-06 22:34:51 status unpacked libattr1:i386 1:2.4.47-2build1
2020-08-06 22:34:51 status unpacked libattr1:i386 1:2.4.47-2build1
2020-08-06 22:34:51 startup packages configure
2020-08-06 22:34:51 configure libattr1:i386 1:2.4.47-2build1 <none>
2020-08-06 22:34:51 status unpacked libattr1:i386 1:2.4.47-2build1
2020-08-06 22:34:51 status half-configured libattr1:i386 1:2.4.47-2build1
2020-08-06 22:34:51 status installed libattr1:i386 1:2.4.47-2build1
2020-08-06 22:34:51 configure libacl1:i386 2.2.52-3build1 <none>
2020-08-06 22:34:51 status unpacked libacl1:i386 2.2.52-3build1
2020-08-06 22:34:51 status half-configured libacl1:i386 2.2.52-3build1
2020-08-06 22:34:51 status installed libacl1:i386 2.2.52-3build1
2020-08-06 22:34:52 startup archives unpack
2020-08-06 22:34:52 upgrade libselinux1:i386 2.7-2build2 2.7-2build2
2020-08-06 22:34:52 status half-configured libselinux1:i386 2.7-2build2
2020-08-06 22:34:52 status unpacked libselinux1:i386 2.7-2build2
2020-08-06 22:34:52 status half-installed libselinux1:i386 2.7-2build2
2020-08-06 22:34:52 status half-installed libselinux1:i386 2.7-2build2
2020-08-06 22:34:52 status unpacked libselinux1:i386 2.7-2build2
2020-08-06 22:34:52 status unpacked libselinux1:i386 2.7-2build2
2020-08-06 22:34:52 upgrade libpcre3:i386 2:8.39-9 2:8.39-9
2020-08-06 22:34:52 status half-configured libpcre3:i386 2:8.39-9
2020-08-06 22:34:52 status unpacked libpcre3:i386 2:8.39-9
2020-08-06 22:34:52 status half-installed libpcre3:i386 2:8.39-9
2020-08-06 22:34:52 status half-installed libpcre3:i386 2:8.39-9
2020-08-06 22:34:52 status unpacked libpcre3:i386 2:8.39-9
2020-08-06 22:34:52 status unpacked libpcre3:i386 2:8.39-9
2020-08-06 22:34:52 startup packages configure
2020-08-06 22:34:52 configure libpcre3:i386 2:8.39-9 <none>
2020-08-06 22:34:52 status unpacked libpcre3:i386 2:8.39-9
2020-08-06 22:34:52 status half-configured libpcre3:i386 2:8.39-9
2020-08-06 22:34:52 status installed libpcre3:i386 2:8.39-9
2020-08-06 22:34:52 configure libselinux1:i386 2.7-2build2 <none>
2020-08-06 22:34:52 status unpacked libselinux1:i386 2.7-2build2
2020-08-06 22:34:52 status half-configured libselinux1:i386 2.7-2build2
2020-08-06 22:34:52 status installed libselinux1:i386 2.7-2build2
2020-08-06 22:34:52 startup archives unpack
2020-08-06 22:34:52 upgrade coreutils:i386 8.28-1ubuntu1 8.28-1ubuntu1
2020-08-06 22:34:52 status half-configured coreutils:i386 8.28-1ubuntu1
2020-08-06 22:34:52 status unpacked coreutils:i386 8.28-1ubuntu1
2020-08-06 22:34:52 status half-installed coreutils:i386 8.28-1ubuntu1
2020-08-06 22:34:53 status half-installed coreutils:i386 8.28-1ubuntu1
2020-08-06 22:34:53 status unpacked coreutils:i386 8.28-1ubuntu1
2020-08-06 22:34:53 status unpacked coreutils:i386 8.28-1ubuntu1
2020-08-06 22:34:53 startup packages configure
2020-08-06 22:34:53 configure coreutils:i386 8.28-1ubuntu1 <none>
2020-08-06 22:34:53 status unpacked coreutils:i386 8.28-1ubuntu1
2020-08-06 22:34:53 status half-configured coreutils:i386 8.28-1ubuntu1
2020-08-06 22:34:53 status installed coreutils:i386 8.28-1ubuntu1
2020-08-06 22:34:53 startup archives unpack
2020-08-06 22:34:53 upgrade dash:i386 0.5.8-2.10 0.5.8-2.10
2020-08-06 22:34:53 status half-configured dash:i386 0.5.8-2.10
2020-08-06 22:34:53 status unpacked dash:i386 0.5.8-2.10
2020-08-06 22:34:53 status half-installed dash:i386 0.5.8-2.10
2020-08-06 22:34:53 status half-installed dash:i386 0.5.8-2.10
2020-08-06 22:34:53 status unpacked dash:i386 0.5.8-2.10
2020-08-06 22:34:53 status unpacked dash:i386 0.5.8-2.10
2020-08-06 22:34:53 upgrade libbz2-1.0:i386 1.0.6-8.1 1.0.6-8.1
2020-08-06 22:34:53 status half-configured libbz2-1.0:i386 1.0.6-8.1
2020-08-06 22:34:53 status unpacked libbz2-1.0:i386 1.0.6-8.1
2020-08-06 22:34:53 status half-installed libbz2-1.0:i386 1.0.6-8.1
2020-08-06 22:34:54 status half-installed libbz2-1.0:i386 1.0.6-8.1
2020-08-06 22:34:54 status unpacked libbz2-1.0:i386 1.0.6-8.1
2020-08-06 22:34:54 status unpacked libbz2-1.0:i386 1.0.6-8.1
2020-08-06 22:34:54 startup packages configure
2020-08-06 22:34:54 configure libbz2-1.0:i386 1.0.6-8.1 <none>
2020-08-06 22:34:54 status unpacked libbz2-1.0:i386 1.0.6-8.1
2020-08-06 22:34:54 status half-configured libbz2-1.0:i386 1.0.6-8.1
2020-08-06 22:34:54 status installed libbz2-1.0:i386 1.0.6-8.1
2020-08-06 22:34:54 startup archives unpack
2020-08-06 22:34:54 upgrade libzstd1:i386 1.3.3+dfsg-2ubuntu1 1.3.3+dfsg-2ubuntu1
2020-08-06 22:34:54 status half-configured libzstd1:i386 1.3.3+dfsg-2ubuntu1
2020-08-06 22:34:54 status unpacked libzstd1:i386 1.3.3+dfsg-2ubuntu1
2020-08-06 22:34:54 status half-installed libzstd1:i386 1.3.3+dfsg-2ubuntu1
2020-08-06 22:34:54 status half-installed libzstd1:i386 1.3.3+dfsg-2ubuntu1
2020-08-06 22:34:54 status unpacked libzstd1:i386 1.3.3+dfsg-2ubuntu1
2020-08-06 22:34:54 status unpacked libzstd1:i386 1.3.3+dfsg-2ubuntu1
2020-08-06 22:34:55 startup packages configure
2020-08-06 22:34:55 configure libzstd1:i386 1.3.3+dfsg-2ubuntu1 <none>
2020-08-06 22:34:55 status unpacked libzstd1:i386 1.3.3+dfsg-2ubuntu1
2020-08-06 22:34:55 status half-configured libzstd1:i386 1.3.3+dfsg-2ubuntu1
2020-08-06 22:34:55 status installed libzstd1:i386 1.3.3+dfsg-2ubuntu1
2020-08-06 22:34:55 startup archives unpack
2020-08-06 22:34:55 upgrade zlib1g:i386 1:1.2.11.dfsg-0ubuntu2 1:1.2.11.dfsg-0ubuntu2
2020-08-06 22:34:55 status half-configured zlib1g:i386 1:1.2.11.dfsg-0ubuntu2
2020-08-06 22:34:55 status unpacked zlib1g:i386 1:1.2.11.dfsg-0ubuntu2
2020-08-06 22:34:55 status half-installed zlib1g:i386 1:1.2.11.dfsg-0ubuntu2
2020-08-06 22:34:55 status half-installed zlib1g:i386 1:1.2.11.dfsg-0ubuntu2
2020-08-06 22:34:55 status unpacked zlib1g:i386 1:1.2.11.dfsg-0ubuntu2
2020-08-06 22:34:55 status unpacked zlib1g:i386 1:1.2.11.dfsg-0ubuntu2
2020-08-06 22:34:55 startup packages configure
2020-08-06 22:34:55 configure zlib1g:i386 1:1.2.11.dfsg-0ubuntu2 <none>
2020-08-06 22:34:55 status unpacked zlib1g:i386 1:1.2.11.dfsg-0ubuntu2
2020-08-06 22:34:55 status half-configured zlib1g:i386 1:1.2.11.dfsg-0ubuntu2
2020-08-06 22:34:55 status installed zlib1g:i386 1:1.2.11.dfsg-0ubuntu2
2020-08-06 22:34:56 startup archives unpack
2020-08-06 22:34:56 upgrade dpkg:i386 1.19.0.5ubuntu2 1.19.0.5ubuntu2
2020-08-06 22:34:56 status half-configured dpkg:i386 1.19.0.5ubuntu2
2020-08-06 22:34:56 status unpacked dpkg:i386 1.19.0.5ubuntu2
2020-08-06 22:34:56 status half-installed dpkg:i386 1.19.0.5ubuntu2
2020-08-06 22:34:56 status half-installed dpkg:i386 1.19.0.5ubuntu2
2020-08-06 22:34:56 status unpacked dpkg:i386 1.19.0.5ubuntu2
2020-08-06 22:34:56 status unpacked dpkg:i386 1.19.0.5ubuntu2
2020-08-06 22:34:56 upgrade tar:i386 1.29b-2 1.29b-2
2020-08-06 22:34:56 status half-configured tar:i386 1.29b-2
2020-08-06 22:34:56 status unpacked tar:i386 1.29b-2
2020-08-06 22:34:56 status half-installed tar:i386 1.29b-2
2020-08-06 22:34:56 status half-installed tar:i386 1.29b-2
2020-08-06 22:34:56 status unpacked tar:i386 1.29b-2
2020-08-06 22:34:56 status unpacked tar:i386 1.29b-2
2020-08-06 22:34:56 startup packages configure
2020-08-06 22:34:56 configure tar:i386 1.29b-2 <none>
2020-08-06 22:34:56 status unpacked tar:i386 1.29b-2
2020-08-06 22:34:56 status unpacked tar:i386 1.29b-2
2020-08-06 22:34:56 status half-configured tar:i386 1.29b-2
2020-08-06 22:34:56 status installed tar:i386 1.29b-2
2020-08-06 22:34:56 configure dpkg:i386 1.19.0.5ubuntu2 <none>
2020-08-06 22:34:56 status unpacked dpkg:i386 1.19.0.5ubuntu2
2020-08-06 22:34:56 status unpacked dpkg:i386 1.19.0.5ubuntu2
2020-08-06 22:34:56 status unpacked dpkg:i386 1.19.0.5ubuntu2
2020-08-06 22:34:56 status unpacked dpkg:i386 1.19.0.5ubuntu2
2020-08-06 22:34:56 status unpacked dpkg:i386 1.19.0.5ubuntu2
2020-08-06 22:34:56 status unpacked dpkg:i386 1.19.0.5ubuntu2
2020-08-06 22:34:56 status half-configured dpkg:i386 1.19.0.5ubuntu2
2020-08-06 22:34:56 status installed dpkg:i386 1.19.0.5ubuntu2
2020-08-06 22:34:56 configure dash:i386 0.5.8-2.10 <none>
2020-08-06 22:34:56 status unpacked dash:i386 0.5.8-2.10
2020-08-06 22:34:56 status half-configured dash:i386 0.5.8-2.10
2020-08-06 22:34:57 status installed dash:i386 0.5.8-2.10
2020-08-06 22:34:57 startup archives unpack
2020-08-06 22:34:57 upgrade diffutils:i386 1:3.6-1 1:3.6-1
2020-08-06 22:34:57 status half-configured diffutils:i386 1:3.6-1
2020-08-06 22:34:57 status unpacked diffutils:i386 1:3.6-1
2020-08-06 22:34:57 status half-installed diffutils:i386 1:3.6-1
2020-08-06 22:34:57 status half-installed diffutils:i386 1:3.6-1
2020-08-06 22:34:57 status unpacked diffutils:i386 1:3.6-1
2020-08-06 22:34:57 status unpacked diffutils:i386 1:3.6-1
2020-08-06 22:34:57 startup packages configure
2020-08-06 22:34:57 configure diffutils:i386 1:3.6-1 <none>
2020-08-06 22:34:57 status unpacked diffutils:i386 1:3.6-1
2020-08-06 22:34:57 status half-configured diffutils:i386 1:3.6-1
2020-08-06 22:34:57 status installed diffutils:i386 1:3.6-1
2020-08-06 22:34:58 startup archives unpack
2020-08-06 22:34:58 upgrade libblkid1:i386 2.31.1-0.4ubuntu3 2.31.1-0.4ubuntu3
2020-08-06 22:34:58 status half-configured libblkid1:i386 2.31.1-0.4ubuntu3
2020-08-06 22:34:58 status unpacked libblkid1:i386 2.31.1-0.4ubuntu3
2020-08-06 22:34:58 status half-installed libblkid1:i386 2.31.1-0.4ubuntu3
2020-08-06 22:34:58 status half-installed libblkid1:i386 2.31.1-0.4ubuntu3
2020-08-06 22:34:58 status unpacked libblkid1:i386 2.31.1-0.4ubuntu3
2020-08-06 22:34:58 status unpacked libblkid1:i386 2.31.1-0.4ubuntu3
2020-08-06 22:34:58 upgrade libuuid1:i386 2.31.1-0.4ubuntu3 2.31.1-0.4ubuntu3
2020-08-06 22:34:58 status half-configured libuuid1:i386 2.31.1-0.4ubuntu3
2020-08-06 22:34:58 status unpacked libuuid1:i386 2.31.1-0.4ubuntu3
2020-08-06 22:34:58 status half-installed libuuid1:i386 2.31.1-0.4ubuntu3
2020-08-06 22:34:58 status half-installed libuuid1:i386 2.31.1-0.4ubuntu3
2020-08-06 22:34:58 status unpacked libuuid1:i386 2.31.1-0.4ubuntu3
2020-08-06 22:34:58 status unpacked libuuid1:i386 2.31.1-0.4ubuntu3
2020-08-06 22:34:58 startup packages configure
2020-08-06 22:34:58 configure libuuid1:i386 2.31.1-0.4ubuntu3 <none>
2020-08-06 22:34:58 status unpacked libuuid1:i386 2.31.1-0.4ubuntu3
2020-08-06 22:34:58 status half-configured libuuid1:i386 2.31.1-0.4ubuntu3
2020-08-06 22:34:58 status installed libuuid1:i386 2.31.1-0.4ubuntu3
2020-08-06 22:34:58 configure libblkid1:i386 2.31.1-0.4ubuntu3 <none>
2020-08-06 22:34:58 status unpacked libblkid1:i386 2.31.1-0.4ubuntu3
2020-08-06 22:34:58 status half-configured libblkid1:i386 2.31.1-0.4ubuntu3
2020-08-06 22:34:58 status installed libblkid1:i386 2.31.1-0.4ubuntu3
2020-08-06 22:34:59 startup archives unpack
2020-08-06 22:34:59 upgrade libcom-err2:i386 1.44.1-1 1.44.1-1
2020-08-06 22:34:59 status half-configured libcom-err2:i386 1.44.1-1
2020-08-06 22:34:59 status unpacked libcom-err2:i386 1.44.1-1
2020-08-06 22:34:59 status half-installed libcom-err2:i386 1.44.1-1
2020-08-06 22:34:59 status half-installed libcom-err2:i386 1.44.1-1
2020-08-06 22:34:59 status unpacked libcom-err2:i386 1.44.1-1
2020-08-06 22:34:59 status unpacked libcom-err2:i386 1.44.1-1
2020-08-06 22:34:59 startup packages configure
2020-08-06 22:34:59 configure libcom-err2:i386 1.44.1-1 <none>
2020-08-06 22:34:59 status unpacked libcom-err2:i386 1.44.1-1
2020-08-06 22:34:59 status half-configured libcom-err2:i386 1.44.1-1
2020-08-06 22:34:59 status installed libcom-err2:i386 1.44.1-1
2020-08-06 22:34:59 startup archives unpack
2020-08-06 22:34:59 upgrade libext2fs2:i386 1.44.1-1 1.44.1-1
2020-08-06 22:34:59 status half-configured libext2fs2:i386 1.44.1-1
2020-08-06 22:34:59 status unpacked libext2fs2:i386 1.44.1-1
2020-08-06 22:34:59 status half-installed libext2fs2:i386 1.44.1-1
2020-08-06 22:34:59 status half-installed libext2fs2:i386 1.44.1-1
2020-08-06 22:34:59 status unpacked libext2fs2:i386 1.44.1-1
2020-08-06 22:34:59 status unpacked libext2fs2:i386 1.44.1-1
2020-08-06 22:35:00 startup packages configure
2020-08-06 22:35:00 configure libext2fs2:i386 1.44.1-1 <none>
2020-08-06 22:35:00 status unpacked libext2fs2:i386 1.44.1-1
2020-08-06 22:35:00 status half-configured libext2fs2:i386 1.44.1-1
2020-08-06 22:35:00 status installed libext2fs2:i386 1.44.1-1
2020-08-06 22:35:00 startup archives unpack
2020-08-06 22:35:00 upgrade libss2:i386 1.44.1-1 1.44.1-1
2020-08-06 22:35:00 status half-configured libss2:i386 1.44.1-1
2020-08-06 22:35:00 status unpacked libss2:i386 1.44.1-1
2020-08-06 22:35:00 status half-installed libss2:i386 1.44.1-1
2020-08-06 22:35:00 status half-installed libss2:i386 1.44.1-1
2020-08-06 22:35:00 status unpacked libss2:i386 1.44.1-1
2020-08-06 22:35:00 status unpacked libss2:i386 1.44.1-1
2020-08-06 22:35:01 startup packages configure
2020-08-06 22:35:01 configure libss2:i386 1.44.1-1 <none>
2020-08-06 22:35:01 status unpacked libss2:i386 1.44.1-1
2020-08-06 22:35:01 status half-configured libss2:i386 1.44.1-1
2020-08-06 22:35:01 status installed libss2:i386 1.44.1-1
2020-08-06 22:35:01 startup archives unpack
2020-08-06 22:35:01 upgrade e2fsprogs:i386 1.44.1-1 1.44.1-1
2020-08-06 22:35:01 status half-configured e2fsprogs:i386 1.44.1-1
2020-08-06 22:35:01 status unpacked e2fsprogs:i386 1.44.1-1
2020-08-06 22:35:01 status half-installed e2fsprogs:i386 1.44.1-1
2020-08-06 22:35:01 status half-installed e2fsprogs:i386 1.44.1-1
2020-08-06 22:35:01 status unpacked e2fsprogs:i386 1.44.1-1
2020-08-06 22:35:01 status unpacked e2fsprogs:i386 1.44.1-1
2020-08-06 22:35:01 startup packages configure
2020-08-06 22:35:01 configure e2fsprogs:i386 1.44.1-1 <none>
2020-08-06 22:35:01 status unpacked e2fsprogs:i386 1.44.1-1
2020-08-06 22:35:01 status unpacked e2fsprogs:i386 1.44.1-1
2020-08-06 22:35:01 status half-configured e2fsprogs:i386 1.44.1-1
2020-08-06 22:35:01 status installed e2fsprogs:i386 1.44.1-1
2020-08-06 22:35:02 startup archives unpack
2020-08-06 22:35:02 upgrade findutils:i386 4.6.0+git+20170828-2 4.6.0+git+20170828-2
2020-08-06 22:35:02 status half-configured findutils:i386 4.6.0+git+20170828-2
2020-08-06 22:35:02 status unpacked findutils:i386 4.6.0+git+20170828-2
2020-08-06 22:35:02 status half-installed findutils:i386 4.6.0+git+20170828-2
2020-08-06 22:35:02 status half-installed findutils:i386 4.6.0+git+20170828-2
2020-08-06 22:35:02 status unpacked findutils:i386 4.6.0+git+20170828-2
2020-08-06 22:35:02 status unpacked findutils:i386 4.6.0+git+20170828-2
2020-08-06 22:35:02 startup packages configure
2020-08-06 22:35:02 configure findutils:i386 4.6.0+git+20170828-2 <none>
2020-08-06 22:35:02 status unpacked findutils:i386 4.6.0+git+20170828-2
2020-08-06 22:35:02 status half-configured findutils:i386 4.6.0+git+20170828-2
2020-08-06 22:35:02 status installed findutils:i386 4.6.0+git+20170828-2
2020-08-06 22:35:03 startup archives unpack
2020-08-06 22:35:03 upgrade grep:i386 3.1-2 3.1-2
2020-08-06 22:35:03 status half-configured grep:i386 3.1-2
2020-08-06 22:35:03 status unpacked grep:i386 3.1-2
2020-08-06 22:35:03 status half-installed grep:i386 3.1-2
2020-08-06 22:35:03 status half-installed grep:i386 3.1-2
2020-08-06 22:35:03 status unpacked grep:i386 3.1-2
2020-08-06 22:35:03 status unpacked grep:i386 3.1-2
2020-08-06 22:35:03 startup packages configure
2020-08-06 22:35:03 configure grep:i386 3.1-2 <none>
2020-08-06 22:35:03 status unpacked grep:i386 3.1-2
2020-08-06 22:35:03 status half-configured grep:i386 3.1-2
2020-08-06 22:35:03 status installed grep:i386 3.1-2
2020-08-06 22:35:03 startup archives unpack
2020-08-06 22:35:03 upgrade gzip:i386 1.6-5ubuntu1 1.6-5ubuntu1
2020-08-06 22:35:03 status half-configured gzip:i386 1.6-5ubuntu1
2020-08-06 22:35:03 status unpacked gzip:i386 1.6-5ubuntu1
2020-08-06 22:35:03 status half-installed gzip:i386 1.6-5ubuntu1
2020-08-06 22:35:03 status half-installed gzip:i386 1.6-5ubuntu1
2020-08-06 22:35:03 status unpacked gzip:i386 1.6-5ubuntu1
2020-08-06 22:35:03 status unpacked gzip:i386 1.6-5ubuntu1
2020-08-06 22:35:04 startup packages configure
2020-08-06 22:35:04 configure gzip:i386 1.6-5ubuntu1 <none>
2020-08-06 22:35:04 status unpacked gzip:i386 1.6-5ubuntu1
2020-08-06 22:35:04 status half-configured gzip:i386 1.6-5ubuntu1
2020-08-06 22:35:04 status installed gzip:i386 1.6-5ubuntu1
2020-08-06 22:35:04 startup archives unpack
2020-08-06 22:35:04 upgrade hostname:i386 3.20 3.20
2020-08-06 22:35:04 status half-configured hostname:i386 3.20
2020-08-06 22:35:04 status unpacked hostname:i386 3.20
2020-08-06 22:35:04 status half-installed hostname:i386 3.20
2020-08-06 22:35:04 status half-installed hostname:i386 3.20
2020-08-06 22:35:04 status unpacked hostname:i386 3.20
2020-08-06 22:35:04 status unpacked hostname:i386 3.20
2020-08-06 22:35:05 startup packages configure
2020-08-06 22:35:05 configure hostname:i386 3.20 <none>
2020-08-06 22:35:05 status unpacked hostname:i386 3.20
2020-08-06 22:35:05 status half-configured hostname:i386 3.20
2020-08-06 22:35:05 status installed hostname:i386 3.20
2020-08-06 22:35:05 startup archives unpack
2020-08-06 22:35:05 upgrade libaudit1:i386 1:2.8.2-1ubuntu1 1:2.8.2-1ubuntu1
2020-08-06 22:35:05 status half-configured libaudit1:i386 1:2.8.2-1ubuntu1
2020-08-06 22:35:05 status unpacked libaudit1:i386 1:2.8.2-1ubuntu1
2020-08-06 22:35:05 status half-installed libaudit1:i386 1:2.8.2-1ubuntu1
2020-08-06 22:35:05 status half-installed libaudit1:i386 1:2.8.2-1ubuntu1
2020-08-06 22:35:05 status unpacked libaudit1:i386 1:2.8.2-1ubuntu1
2020-08-06 22:35:05 status unpacked libaudit1:i386 1:2.8.2-1ubuntu1
2020-08-06 22:35:05 upgrade libaudit-common:all 1:2.8.2-1ubuntu1 1:2.8.2-1ubuntu1
2020-08-06 22:35:05 status half-configured libaudit-common:all 1:2.8.2-1ubuntu1
2020-08-06 22:35:05 status unpacked libaudit-common:all 1:2.8.2-1ubuntu1
2020-08-06 22:35:05 status half-installed libaudit-common:all 1:2.8.2-1ubuntu1
2020-08-06 22:35:05 status half-installed libaudit-common:all 1:2.8.2-1ubuntu1
2020-08-06 22:35:05 status unpacked libaudit-common:all 1:2.8.2-1ubuntu1
2020-08-06 22:35:05 status unpacked libaudit-common:all 1:2.8.2-1ubuntu1
2020-08-06 22:35:05 startup packages configure
2020-08-06 22:35:05 configure libaudit-common:all 1:2.8.2-1ubuntu1 <none>
2020-08-06 22:35:05 status unpacked libaudit-common:all 1:2.8.2-1ubuntu1
2020-08-06 22:35:05 status unpacked libaudit-common:all 1:2.8.2-1ubuntu1
2020-08-06 22:35:05 status half-configured libaudit-common:all 1:2.8.2-1ubuntu1
2020-08-06 22:35:05 status installed libaudit-common:all 1:2.8.2-1ubuntu1
2020-08-06 22:35:06 startup archives unpack
2020-08-06 22:35:06 upgrade libcap-ng0:i386 0.7.7-3.1 0.7.7-3.1
2020-08-06 22:35:06 status half-configured libcap-ng0:i386 0.7.7-3.1
2020-08-06 22:35:06 status unpacked libcap-ng0:i386 0.7.7-3.1
2020-08-06 22:35:06 status half-installed libcap-ng0:i386 0.7.7-3.1
2020-08-06 22:35:06 status half-installed libcap-ng0:i386 0.7.7-3.1
2020-08-06 22:35:06 status unpacked libcap-ng0:i386 0.7.7-3.1
2020-08-06 22:35:06 status unpacked libcap-ng0:i386 0.7.7-3.1
2020-08-06 22:35:06 startup packages configure
2020-08-06 22:35:06 configure libcap-ng0:i386 0.7.7-3.1 <none>
2020-08-06 22:35:06 status unpacked libcap-ng0:i386 0.7.7-3.1
2020-08-06 22:35:06 status half-configured libcap-ng0:i386 0.7.7-3.1
2020-08-06 22:35:06 status installed libcap-ng0:i386 0.7.7-3.1
2020-08-06 22:35:06 configure libaudit1:i386 1:2.8.2-1ubuntu1 <none>
2020-08-06 22:35:06 status unpacked libaudit1:i386 1:2.8.2-1ubuntu1
2020-08-06 22:35:06 status half-configured libaudit1:i386 1:2.8.2-1ubuntu1
2020-08-06 22:35:06 status installed libaudit1:i386 1:2.8.2-1ubuntu1
2020-08-06 22:35:07 startup archives unpack
2020-08-06 22:35:07 upgrade libpam0g:i386 1.1.8-3.6ubuntu2 1.1.8-3.6ubuntu2
2020-08-06 22:35:07 status half-configured libpam0g:i386 1.1.8-3.6ubuntu2
2020-08-06 22:35:07 status unpacked libpam0g:i386 1.1.8-3.6ubuntu2
2020-08-06 22:35:07 status half-installed libpam0g:i386 1.1.8-3.6ubuntu2
2020-08-06 22:35:07 status half-installed libpam0g:i386 1.1.8-3.6ubuntu2
2020-08-06 22:35:07 status unpacked libpam0g:i386 1.1.8-3.6ubuntu2
2020-08-06 22:35:07 status unpacked libpam0g:i386 1.1.8-3.6ubuntu2
2020-08-06 22:35:07 upgrade perl-base:i386 5.26.1-6 5.26.1-6
2020-08-06 22:35:07 status half-configured perl-base:i386 5.26.1-6
2020-08-06 22:35:07 status unpacked perl-base:i386 5.26.1-6
2020-08-06 22:35:07 status half-installed perl-base:i386 5.26.1-6
2020-08-06 22:35:07 status half-installed perl-base:i386 5.26.1-6
2020-08-06 22:35:07 status unpacked perl-base:i386 5.26.1-6
2020-08-06 22:35:07 status unpacked perl-base:i386 5.26.1-6
2020-08-06 22:35:07 startup packages configure
2020-08-06 22:35:07 configure perl-base:i386 5.26.1-6 <none>
2020-08-06 22:35:07 status unpacked perl-base:i386 5.26.1-6
2020-08-06 22:35:07 status half-configured perl-base:i386 5.26.1-6
2020-08-06 22:35:07 status installed perl-base:i386 5.26.1-6
2020-08-06 22:35:08 startup archives unpack
2020-08-06 22:35:08 upgrade debconf:all 1.5.66 1.5.66
2020-08-06 22:35:08 status half-configured debconf:all 1.5.66
2020-08-06 22:35:08 status unpacked debconf:all 1.5.66
2020-08-06 22:35:08 status half-installed debconf:all 1.5.66
2020-08-06 22:35:08 status half-installed debconf:all 1.5.66
2020-08-06 22:35:08 status unpacked debconf:all 1.5.66
2020-08-06 22:35:08 status unpacked debconf:all 1.5.66
2020-08-06 22:35:08 startup packages configure
2020-08-06 22:35:08 configure debconf:all 1.5.66 <none>
2020-08-06 22:35:08 status unpacked debconf:all 1.5.66
2020-08-06 22:35:08 status unpacked debconf:all 1.5.66
2020-08-06 22:35:08 status unpacked debconf:all 1.5.66
2020-08-06 22:35:08 status half-configured debconf:all 1.5.66
2020-08-06 22:35:08 status installed debconf:all 1.5.66
2020-08-06 22:35:08 configure libpam0g:i386 1.1.8-3.6ubuntu2 <none>
2020-08-06 22:35:08 status unpacked libpam0g:i386 1.1.8-3.6ubuntu2
2020-08-06 22:35:08 status half-configured libpam0g:i386 1.1.8-3.6ubuntu2
2020-08-06 22:35:09 status installed libpam0g:i386 1.1.8-3.6ubuntu2
2020-08-06 22:35:09 startup archives unpack
2020-08-06 22:35:09 upgrade libpam-runtime:all 1.1.8-3.6ubuntu2 1.1.8-3.6ubuntu2
2020-08-06 22:35:09 status half-configured libpam-runtime:all 1.1.8-3.6ubuntu2
2020-08-06 22:35:09 status unpacked libpam-runtime:all 1.1.8-3.6ubuntu2
2020-08-06 22:35:09 status half-installed libpam-runtime:all 1.1.8-3.6ubuntu2
2020-08-06 22:35:09 status half-installed libpam-runtime:all 1.1.8-3.6ubuntu2
2020-08-06 22:35:09 status unpacked libpam-runtime:all 1.1.8-3.6ubuntu2
2020-08-06 22:35:09 status unpacked libpam-runtime:all 1.1.8-3.6ubuntu2
2020-08-06 22:35:09 upgrade libdb5.3:i386 5.3.28-13.1ubuntu1 5.3.28-13.1ubuntu1
2020-08-06 22:35:09 status half-configured libdb5.3:i386 5.3.28-13.1ubuntu1
2020-08-06 22:35:09 status unpacked libdb5.3:i386 5.3.28-13.1ubuntu1
2020-08-06 22:35:09 status half-installed libdb5.3:i386 5.3.28-13.1ubuntu1
2020-08-06 22:35:09 status half-installed libdb5.3:i386 5.3.28-13.1ubuntu1
2020-08-06 22:35:09 status unpacked libdb5.3:i386 5.3.28-13.1ubuntu1
2020-08-06 22:35:09 status unpacked libdb5.3:i386 5.3.28-13.1ubuntu1
2020-08-06 22:35:09 startup packages configure
2020-08-06 22:35:09 configure libdb5.3:i386 5.3.28-13.1ubuntu1 <none>
2020-08-06 22:35:09 status unpacked libdb5.3:i386 5.3.28-13.1ubuntu1
2020-08-06 22:35:09 status half-configured libdb5.3:i386 5.3.28-13.1ubuntu1
2020-08-06 22:35:09 status installed libdb5.3:i386 5.3.28-13.1ubuntu1
2020-08-06 22:35:10 startup archives unpack
2020-08-06 22:35:10 upgrade libpam-modules-bin:i386 1.1.8-3.6ubuntu2 1.1.8-3.6ubuntu2
2020-08-06 22:35:10 status half-configured libpam-modules-bin:i386 1.1.8-3.6ubuntu2
2020-08-06 22:35:10 status unpacked libpam-modules-bin:i386 1.1.8-3.6ubuntu2
2020-08-06 22:35:10 status half-installed libpam-modules-bin:i386 1.1.8-3.6ubuntu2
2020-08-06 22:35:10 status half-installed libpam-modules-bin:i386 1.1.8-3.6ubuntu2
2020-08-06 22:35:10 status unpacked libpam-modules-bin:i386 1.1.8-3.6ubuntu2
2020-08-06 22:35:10 status unpacked libpam-modules-bin:i386 1.1.8-3.6ubuntu2
2020-08-06 22:35:10 startup packages configure
2020-08-06 22:35:10 configure libpam-modules-bin:i386 1.1.8-3.6ubuntu2 <none>
2020-08-06 22:35:10 status unpacked libpam-modules-bin:i386 1.1.8-3.6ubuntu2
2020-08-06 22:35:10 status half-configured libpam-modules-bin:i386 1.1.8-3.6ubuntu2
2020-08-06 22:35:10 status installed libpam-modules-bin:i386 1.1.8-3.6ubuntu2
2020-08-06 22:35:11 startup archives unpack
2020-08-06 22:35:11 upgrade libpam-modules:i386 1.1.8-3.6ubuntu2 1.1.8-3.6ubuntu2
2020-08-06 22:35:11 status half-configured libpam-modules:i386 1.1.8-3.6ubuntu2
2020-08-06 22:35:11 status unpacked libpam-modules:i386 1.1.8-3.6ubuntu2
2020-08-06 22:35:11 status half-installed libpam-modules:i386 1.1.8-3.6ubuntu2
2020-08-06 22:35:11 status half-installed libpam-modules:i386 1.1.8-3.6ubuntu2
2020-08-06 22:35:11 status unpacked libpam-modules:i386 1.1.8-3.6ubuntu2
2020-08-06 22:35:11 status unpacked libpam-modules:i386 1.1.8-3.6ubuntu2
2020-08-06 22:35:11 startup packages configure
2020-08-06 22:35:11 configure libpam-modules:i386 1.1.8-3.6ubuntu2 <none>
2020-08-06 22:35:11 status unpacked libpam-modules:i386 1.1.8-3.6ubuntu2
2020-08-06 22:35:11 status unpacked libpam-modules:i386 1.1.8-3.6ubuntu2
2020-08-06 22:35:11 status unpacked libpam-modules:i386 1.1.8-3.6ubuntu2
2020-08-06 22:35:11 status unpacked libpam-modules:i386 1.1.8-3.6ubuntu2
2020-08-06 22:35:11 status unpacked libpam-modules:i386 1.1.8-3.6ubuntu2
2020-08-06 22:35:11 status unpacked libpam-modules:i386 1.1.8-3.6ubuntu2
2020-08-06 22:35:11 status unpacked libpam-modules:i386 1.1.8-3.6ubuntu2
2020-08-06 22:35:11 status unpacked libpam-modules:i386 1.1.8-3.6ubuntu2
2020-08-06 22:35:11 status unpacked libpam-modules:i386 1.1.8-3.6ubuntu2
2020-08-06 22:35:11 status half-configured libpam-modules:i386 1.1.8-3.6ubuntu2
2020-08-06 22:35:11 status installed libpam-modules:i386 1.1.8-3.6ubuntu2
2020-08-06 22:35:11 configure libpam-runtime:all 1.1.8-3.6ubuntu2 <none>
2020-08-06 22:35:11 status unpacked libpam-runtime:all 1.1.8-3.6ubuntu2
2020-08-06 22:35:11 status unpacked libpam-runtime:all 1.1.8-3.6ubuntu2
2020-08-06 22:35:11 status unpacked libpam-runtime:all 1.1.8-3.6ubuntu2
2020-08-06 22:35:11 status half-configured libpam-runtime:all 1.1.8-3.6ubuntu2
2020-08-06 22:35:11 status installed libpam-runtime:all 1.1.8-3.6ubuntu2
2020-08-06 22:35:12 startup archives unpack
2020-08-06 22:35:12 upgrade login:i386 1:4.5-1ubuntu1 1:4.5-1ubuntu1
2020-08-06 22:35:12 status half-configured login:i386 1:4.5-1ubuntu1
2020-08-06 22:35:12 status unpacked login:i386 1:4.5-1ubuntu1
2020-08-06 22:35:12 status half-installed login:i386 1:4.5-1ubuntu1
2020-08-06 22:35:12 status half-installed login:i386 1:4.5-1ubuntu1
2020-08-06 22:35:12 status unpacked login:i386 1:4.5-1ubuntu1
2020-08-06 22:35:12 status unpacked login:i386 1:4.5-1ubuntu1
2020-08-06 22:35:12 startup packages configure
2020-08-06 22:35:12 configure login:i386 1:4.5-1ubuntu1 <none>
2020-08-06 22:35:12 status unpacked login:i386 1:4.5-1ubuntu1
2020-08-06 22:35:12 status unpacked login:i386 1:4.5-1ubuntu1
2020-08-06 22:35:12 status unpacked login:i386 1:4.5-1ubuntu1
2020-08-06 22:35:12 status unpacked login:i386 1:4.5-1ubuntu1
2020-08-06 22:35:12 status unpacked login:i386 1:4.5-1ubuntu1
2020-08-06 22:35:12 status half-configured login:i386 1:4.5-1ubuntu1
2020-08-06 22:35:12 status installed login:i386 1:4.5-1ubuntu1
2020-08-06 22:35:13 startup archives unpack
2020-08-06 22:35:13 upgrade ncurses-bin:i386 6.1-1ubuntu1 6.1-1ubuntu1
2020-08-06 22:35:13 status half-configured ncurses-bin:i386 6.1-1ubuntu1
2020-08-06 22:35:13 status unpacked ncurses-bin:i386 6.1-1ubuntu1
2020-08-06 22:35:13 status half-installed ncurses-bin:i386 6.1-1ubuntu1
2020-08-06 22:35:13 status half-installed ncurses-bin:i386 6.1-1ubuntu1
2020-08-06 22:35:13 status unpacked ncurses-bin:i386 6.1-1ubuntu1
2020-08-06 22:35:13 status unpacked ncurses-bin:i386 6.1-1ubuntu1
2020-08-06 22:35:13 startup packages configure
2020-08-06 22:35:13 configure ncurses-bin:i386 6.1-1ubuntu1 <none>
2020-08-06 22:35:13 status unpacked ncurses-bin:i386 6.1-1ubuntu1
2020-08-06 22:35:13 status half-configured ncurses-bin:i386 6.1-1ubuntu1
2020-08-06 22:35:13 status installed ncurses-bin:i386 6.1-1ubuntu1
2020-08-06 22:35:13 startup archives unpack
2020-08-06 22:35:13 upgrade sed:i386 4.4-2 4.4-2
2020-08-06 22:35:13 status half-configured sed:i386 4.4-2
2020-08-06 22:35:13 status unpacked sed:i386 4.4-2
2020-08-06 22:35:13 status half-installed sed:i386 4.4-2
2020-08-06 22:35:13 status half-installed sed:i386 4.4-2
2020-08-06 22:35:13 status unpacked sed:i386 4.4-2
2020-08-06 22:35:13 status unpacked sed:i386 4.4-2
2020-08-06 22:35:14 startup packages configure
2020-08-06 22:35:14 configure sed:i386 4.4-2 <none>
2020-08-06 22:35:14 status unpacked sed:i386 4.4-2
2020-08-06 22:35:14 status half-configured sed:i386 4.4-2
2020-08-06 22:35:14 status installed sed:i386 4.4-2
2020-08-06 22:35:14 startup archives unpack
2020-08-06 22:35:14 upgrade fdisk:i386 2.31.1-0.4ubuntu3 2.31.1-0.4ubuntu3
2020-08-06 22:35:14 status half-configured fdisk:i386 2.31.1-0.4ubuntu3
2020-08-06 22:35:14 status unpacked fdisk:i386 2.31.1-0.4ubuntu3
2020-08-06 22:35:14 status half-installed fdisk:i386 2.31.1-0.4ubuntu3
2020-08-06 22:35:14 status half-installed fdisk:i386 2.31.1-0.4ubuntu3
2020-08-06 22:35:14 status unpacked fdisk:i386 2.31.1-0.4ubuntu3
2020-08-06 22:35:14 status unpacked fdisk:i386 2.31.1-0.4ubuntu3
2020-08-06 22:35:14 upgrade libfdisk1:i386 2.31.1-0.4ubuntu3 2.31.1-0.4ubuntu3
2020-08-06 22:35:14 status half-configured libfdisk1:i386 2.31.1-0.4ubuntu3
2020-08-06 22:35:14 status unpacked libfdisk1:i386 2.31.1-0.4ubuntu3
2020-08-06 22:35:14 status half-installed libfdisk1:i386 2.31.1-0.4ubuntu3
2020-08-06 22:35:14 status half-installed libfdisk1:i386 2.31.1-0.4ubuntu3
2020-08-06 22:35:14 status unpacked libfdisk1:i386 2.31.1-0.4ubuntu3
2020-08-06 22:35:14 status unpacked libfdisk1:i386 2.31.1-0.4ubuntu3
2020-08-06 22:35:15 startup packages configure
2020-08-06 22:35:15 configure libfdisk1:i386 2.31.1-0.4ubuntu3 <none>
2020-08-06 22:35:15 status unpacked libfdisk1:i386 2.31.1-0.4ubuntu3
2020-08-06 22:35:15 status half-configured libfdisk1:i386 2.31.1-0.4ubuntu3
2020-08-06 22:35:15 status installed libfdisk1:i386 2.31.1-0.4ubuntu3
2020-08-06 22:35:15 startup archives unpack
2020-08-06 22:35:15 upgrade libmount1:i386 2.31.1-0.4ubuntu3 2.31.1-0.4ubuntu3
2020-08-06 22:35:15 status half-configured libmount1:i386 2.31.1-0.4ubuntu3
2020-08-06 22:35:15 status unpacked libmount1:i386 2.31.1-0.4ubuntu3
2020-08-06 22:35:15 status half-installed libmount1:i386 2.31.1-0.4ubuntu3
2020-08-06 22:35:15 status half-installed libmount1:i386 2.31.1-0.4ubuntu3
2020-08-06 22:35:15 status unpacked libmount1:i386 2.31.1-0.4ubuntu3
2020-08-06 22:35:15 status unpacked libmount1:i386 2.31.1-0.4ubuntu3
2020-08-06 22:35:15 startup packages configure
2020-08-06 22:35:15 configure libmount1:i386 2.31.1-0.4ubuntu3 <none>
2020-08-06 22:35:15 status unpacked libmount1:i386 2.31.1-0.4ubuntu3
2020-08-06 22:35:15 status half-configured libmount1:i386 2.31.1-0.4ubuntu3
2020-08-06 22:35:16 status installed libmount1:i386 2.31.1-0.4ubuntu3
2020-08-06 22:35:16 startup archives unpack
2020-08-06 22:35:16 upgrade libncursesw5:i386 6.1-1ubuntu1 6.1-1ubuntu1
2020-08-06 22:35:16 status half-configured libncursesw5:i386 6.1-1ubuntu1
2020-08-06 22:35:16 status unpacked libncursesw5:i386 6.1-1ubuntu1
2020-08-06 22:35:16 status half-installed libncursesw5:i386 6.1-1ubuntu1
2020-08-06 22:35:16 status half-installed libncursesw5:i386 6.1-1ubuntu1
2020-08-06 22:35:16 status unpacked libncursesw5:i386 6.1-1ubuntu1
2020-08-06 22:35:16 status unpacked libncursesw5:i386 6.1-1ubuntu1
2020-08-06 22:35:16 startup packages configure
2020-08-06 22:35:16 configure libncursesw5:i386 6.1-1ubuntu1 <none>
2020-08-06 22:35:16 status unpacked libncursesw5:i386 6.1-1ubuntu1
2020-08-06 22:35:16 status half-configured libncursesw5:i386 6.1-1ubuntu1
2020-08-06 22:35:16 status installed libncursesw5:i386 6.1-1ubuntu1
2020-08-06 22:35:17 startup archives unpack
2020-08-06 22:35:17 upgrade libsmartcols1:i386 2.31.1-0.4ubuntu3 2.31.1-0.4ubuntu3
2020-08-06 22:35:17 status half-configured libsmartcols1:i386 2.31.1-0.4ubuntu3
2020-08-06 22:35:17 status unpacked libsmartcols1:i386 2.31.1-0.4ubuntu3
2020-08-06 22:35:17 status half-installed libsmartcols1:i386 2.31.1-0.4ubuntu3
2020-08-06 22:35:17 status half-installed libsmartcols1:i386 2.31.1-0.4ubuntu3
2020-08-06 22:35:17 status unpacked libsmartcols1:i386 2.31.1-0.4ubuntu3
2020-08-06 22:35:17 status unpacked libsmartcols1:i386 2.31.1-0.4ubuntu3
2020-08-06 22:35:17 startup packages configure
2020-08-06 22:35:17 configure libsmartcols1:i386 2.31.1-0.4ubuntu3 <none>
2020-08-06 22:35:17 status unpacked libsmartcols1:i386 2.31.1-0.4ubuntu3
2020-08-06 22:35:17 status half-configured libsmartcols1:i386 2.31.1-0.4ubuntu3
2020-08-06 22:35:17 status installed libsmartcols1:i386 2.31.1-0.4ubuntu3
2020-08-06 22:35:17 configure fdisk:i386 2.31.1-0.4ubuntu3 <none>
2020-08-06 22:35:17 status unpacked fdisk:i386 2.31.1-0.4ubuntu3
2020-08-06 22:35:17 status half-configured fdisk:i386 2.31.1-0.4ubuntu3
2020-08-06 22:35:17 status installed fdisk:i386 2.31.1-0.4ubuntu3
2020-08-06 22:35:17 startup archives unpack
2020-08-06 22:35:17 upgrade libudev1:i386 237-3ubuntu10 237-3ubuntu10
2020-08-06 22:35:17 status half-configured libudev1:i386 237-3ubuntu10
2020-08-06 22:35:17 status unpacked libudev1:i386 237-3ubuntu10
2020-08-06 22:35:17 status half-installed libudev1:i386 237-3ubuntu10
2020-08-06 22:35:17 status half-installed libudev1:i386 237-3ubuntu10
2020-08-06 22:35:17 status unpacked libudev1:i386 237-3ubuntu10
2020-08-06 22:35:17 status unpacked libudev1:i386 237-3ubuntu10
2020-08-06 22:35:18 startup packages configure
2020-08-06 22:35:18 configure libudev1:i386 237-3ubuntu10 <none>
2020-08-06 22:35:18 status unpacked libudev1:i386 237-3ubuntu10
2020-08-06 22:35:18 status half-configured libudev1:i386 237-3ubuntu10
2020-08-06 22:35:18 status installed libudev1:i386 237-3ubuntu10
2020-08-06 22:35:18 startup archives unpack
2020-08-06 22:35:18 upgrade util-linux:i386 2.31.1-0.4ubuntu3 2.31.1-0.4ubuntu3
2020-08-06 22:35:18 status half-configured util-linux:i386 2.31.1-0.4ubuntu3
2020-08-06 22:35:18 status unpacked util-linux:i386 2.31.1-0.4ubuntu3
2020-08-06 22:35:18 status half-installed util-linux:i386 2.31.1-0.4ubuntu3
2020-08-06 22:35:18 status half-installed util-linux:i386 2.31.1-0.4ubuntu3
2020-08-06 22:35:18 status unpacked util-linux:i386 2.31.1-0.4ubuntu3
2020-08-06 22:35:18 status unpacked util-linux:i386 2.31.1-0.4ubuntu3
2020-08-06 22:35:19 startup packages configure
2020-08-06 22:35:19 configure util-linux:i386 2.31.1-0.4ubuntu3 <none>
2020-08-06 22:35:19 status unpacked util-linux:i386 2.31.1-0.4ubuntu3
2020-08-06 22:35:19 status unpacked util-linux:i386 2.31.1-0.4ubuntu3
2020-08-06 22:35:19 status unpacked util-linux:i386 2.31.1-0.4ubuntu3
2020-08-06 22:35:19 status unpacked util-linux:i386 2.31.1-0.4ubuntu3
2020-08-06 22:35:19 status half-configured util-linux:i386 2.31.1-0.4ubuntu3
2020-08-06 22:35:19 status installed util-linux:i386 2.31.1-0.4ubuntu3
2020-08-06 22:35:20 startup archives unpack
2020-08-06 22:35:20 upgrade base-passwd:i386 3.5.44 3.5.44
2020-08-06 22:35:20 status half-configured base-passwd:i386 3.5.44
2020-08-06 22:35:20 status unpacked base-passwd:i386 3.5.44
2020-08-06 22:35:20 status half-installed base-passwd:i386 3.5.44
2020-08-06 22:35:20 status half-installed base-passwd:i386 3.5.44
2020-08-06 22:35:20 status unpacked base-passwd:i386 3.5.44
2020-08-06 22:35:20 status unpacked base-passwd:i386 3.5.44
2020-08-06 22:35:20 upgrade libdebconfclient0:i386 0.213ubuntu1 0.213ubuntu1
2020-08-06 22:35:20 status half-configured libdebconfclient0:i386 0.213ubuntu1
2020-08-06 22:35:20 status unpacked libdebconfclient0:i386 0.213ubuntu1
2020-08-06 22:35:20 status half-installed libdebconfclient0:i386 0.213ubuntu1
2020-08-06 22:35:20 status half-installed libdebconfclient0:i386 0.213ubuntu1
2020-08-06 22:35:20 status unpacked libdebconfclient0:i386 0.213ubuntu1
2020-08-06 22:35:20 status unpacked libdebconfclient0:i386 0.213ubuntu1
2020-08-06 22:35:20 startup packages configure
2020-08-06 22:35:20 configure libdebconfclient0:i386 0.213ubuntu1 <none>
2020-08-06 22:35:20 status unpacked libdebconfclient0:i386 0.213ubuntu1
2020-08-06 22:35:20 status half-configured libdebconfclient0:i386 0.213ubuntu1
2020-08-06 22:35:20 status installed libdebconfclient0:i386 0.213ubuntu1
2020-08-06 22:35:20 configure base-passwd:i386 3.5.44 <none>
2020-08-06 22:35:20 status unpacked base-passwd:i386 3.5.44
2020-08-06 22:35:20 status half-configured base-passwd:i386 3.5.44
2020-08-06 22:35:20 status installed base-passwd:i386 3.5.44
2020-08-06 22:35:21 startup archives unpack
2020-08-06 22:35:21 upgrade init-system-helpers:all 1.51 1.51
2020-08-06 22:35:21 status half-configured init-system-helpers:all 1.51
2020-08-06 22:35:21 status unpacked init-system-helpers:all 1.51
2020-08-06 22:35:21 status half-installed init-system-helpers:all 1.51
2020-08-06 22:35:21 status half-installed init-system-helpers:all 1.51
2020-08-06 22:35:21 status unpacked init-system-helpers:all 1.51
2020-08-06 22:35:21 status unpacked init-system-helpers:all 1.51
2020-08-06 22:35:21 startup packages configure
2020-08-06 22:35:21 configure init-system-helpers:all 1.51 <none>
2020-08-06 22:35:21 status unpacked init-system-helpers:all 1.51
2020-08-06 22:35:21 status half-configured init-system-helpers:all 1.51
2020-08-06 22:35:21 status installed init-system-helpers:all 1.51
2020-08-06 22:35:21 startup archives unpack
2020-08-06 22:35:21 upgrade libc-bin:i386 2.27-3ubuntu1 2.27-3ubuntu1
2020-08-06 22:35:21 status half-configured libc-bin:i386 2.27-3ubuntu1
2020-08-06 22:35:21 status unpacked libc-bin:i386 2.27-3ubuntu1
2020-08-06 22:35:21 status half-installed libc-bin:i386 2.27-3ubuntu1
2020-08-06 22:35:22 status half-installed libc-bin:i386 2.27-3ubuntu1
2020-08-06 22:35:22 status unpacked libc-bin:i386 2.27-3ubuntu1
2020-08-06 22:35:22 status unpacked libc-bin:i386 2.27-3ubuntu1
2020-08-06 22:35:22 startup packages configure
2020-08-06 22:35:22 configure libc-bin:i386 2.27-3ubuntu1 <none>
2020-08-06 22:35:22 status unpacked libc-bin:i386 2.27-3ubuntu1
2020-08-06 22:35:22 status unpacked libc-bin:i386 2.27-3ubuntu1
2020-08-06 22:35:22 status unpacked libc-bin:i386 2.27-3ubuntu1
2020-08-06 22:35:22 status unpacked libc-bin:i386 2.27-3ubuntu1
2020-08-06 22:35:22 status unpacked libc-bin:i386 2.27-3ubuntu1
2020-08-06 22:35:22 status unpacked libc-bin:i386 2.27-3ubuntu1
2020-08-06 22:35:22 status half-configured libc-bin:i386 2.27-3ubuntu1
2020-08-06 22:35:22 status installed libc-bin:i386 2.27-3ubuntu1
2020-08-06 22:35:22 startup archives unpack
2020-08-06 22:35:22 upgrade ncurses-base:all 6.1-1ubuntu1 6.1-1ubuntu1
2020-08-06 22:35:22 status half-configured ncurses-base:all 6.1-1ubuntu1
2020-08-06 22:35:22 status unpacked ncurses-base:all 6.1-1ubuntu1
2020-08-06 22:35:22 status half-installed ncurses-base:all 6.1-1ubuntu1
2020-08-06 22:35:22 status half-installed ncurses-base:all 6.1-1ubuntu1
2020-08-06 22:35:22 status unpacked ncurses-base:all 6.1-1ubuntu1
2020-08-06 22:35:22 status unpacked ncurses-base:all 6.1-1ubuntu1
2020-08-06 22:35:23 startup packages configure
2020-08-06 22:35:23 configure ncurses-base:all 6.1-1ubuntu1 <none>
2020-08-06 22:35:23 status unpacked ncurses-base:all 6.1-1ubuntu1
2020-08-06 22:35:23 status unpacked ncurses-base:all 6.1-1ubuntu1
2020-08-06 22:35:23 status half-configured ncurses-base:all 6.1-1ubuntu1
2020-08-06 22:35:23 status installed ncurses-base:all 6.1-1ubuntu1
2020-08-06 22:35:23 startup archives unpack
2020-08-06 22:35:23 upgrade sysvinit-utils:i386 2.88dsf-59.10ubuntu1 2.88dsf-59.10ubuntu1
2020-08-06 22:35:23 status half-configured sysvinit-utils:i386 2.88dsf-59.10ubuntu1
2020-08-06 22:35:23 status unpacked sysvinit-utils:i386 2.88dsf-59.10ubuntu1
2020-08-06 22:35:23 status half-installed sysvinit-utils:i386 2.88dsf-59.10ubuntu1
2020-08-06 22:35:23 status half-installed sysvinit-utils:i386 2.88dsf-59.10ubuntu1
2020-08-06 22:35:23 status unpacked sysvinit-utils:i386 2.88dsf-59.10ubuntu1
2020-08-06 22:35:23 status unpacked sysvinit-utils:i386 2.88dsf-59.10ubuntu1
2020-08-06 22:35:24 startup packages configure
2020-08-06 22:35:24 configure sysvinit-utils:i386 2.88dsf-59.10ubuntu1 <none>
2020-08-06 22:35:24 status unpacked sysvinit-utils:i386 2.88dsf-59.10ubuntu1
2020-08-06 22:35:24 status half-configured sysvinit-utils:i386 2.88dsf-59.10ubuntu1
2020-08-06 22:35:24 status installed sysvinit-utils:i386 2.88dsf-59.10ubuntu1
2020-08-06 22:35:24 startup archives unpack
2020-08-06 22:35:24 upgrade libapt-pkg5.0:i386 1.6.1 1.6.1
2020-08-06 22:35:24 status triggers-pending libc-bin:i386 2.27-3ubuntu1
2020-08-06 22:35:24 status half-configured libapt-pkg5.0:i386 1.6.1
2020-08-06 22:35:24 status unpacked libapt-pkg5.0:i386 1.6.1
2020-08-06 22:35:24 status half-installed libapt-pkg5.0:i386 1.6.1
2020-08-06 22:35:24 status half-installed libapt-pkg5.0:i386 1.6.1
2020-08-06 22:35:24 status unpacked libapt-pkg5.0:i386 1.6.1
2020-08-06 22:35:24 status unpacked libapt-pkg5.0:i386 1.6.1
2020-08-06 22:35:24 upgrade libstdc++6:i386 8-20180414-1ubuntu2 8-20180414-1ubuntu2
2020-08-06 22:35:24 status half-configured libstdc++6:i386 8-20180414-1ubuntu2
2020-08-06 22:35:24 status unpacked libstdc++6:i386 8-20180414-1ubuntu2
2020-08-06 22:35:24 status half-installed libstdc++6:i386 8-20180414-1ubuntu2
2020-08-06 22:35:24 status half-installed libstdc++6:i386 8-20180414-1ubuntu2
2020-08-06 22:35:24 status unpacked libstdc++6:i386 8-20180414-1ubuntu2
2020-08-06 22:35:24 status unpacked libstdc++6:i386 8-20180414-1ubuntu2
2020-08-06 22:35:25 startup packages configure
2020-08-06 22:35:25 configure libstdc++6:i386 8-20180414-1ubuntu2 <none>
2020-08-06 22:35:25 status unpacked libstdc++6:i386 8-20180414-1ubuntu2
2020-08-06 22:35:25 status half-configured libstdc++6:i386 8-20180414-1ubuntu2
2020-08-06 22:35:25 status installed libstdc++6:i386 8-20180414-1ubuntu2
2020-08-06 22:35:25 configure libapt-pkg5.0:i386 1.6.1 <none>
2020-08-06 22:35:25 status unpacked libapt-pkg5.0:i386 1.6.1
2020-08-06 22:35:25 status half-configured libapt-pkg5.0:i386 1.6.1
2020-08-06 22:35:25 status installed libapt-pkg5.0:i386 1.6.1
2020-08-06 22:35:25 startup archives unpack
2020-08-06 22:35:25 upgrade apt:i386 1.6.1 1.6.1
2020-08-06 22:35:25 status half-configured apt:i386 1.6.1
2020-08-06 22:35:25 status unpacked apt:i386 1.6.1
2020-08-06 22:35:25 status half-installed apt:i386 1.6.1
2020-08-06 22:35:25 status half-installed apt:i386 1.6.1
2020-08-06 22:35:25 status unpacked apt:i386 1.6.1
2020-08-06 22:35:25 status unpacked apt:i386 1.6.1
2020-08-06 22:35:25 upgrade adduser:all 3.116ubuntu1 3.116ubuntu1
2020-08-06 22:35:25 status half-configured adduser:all 3.116ubuntu1
2020-08-06 22:35:25 status unpacked adduser:all 3.116ubuntu1
2020-08-06 22:35:25 status half-installed adduser:all 3.116ubuntu1
2020-08-06 22:35:25 status half-installed adduser:all 3.116ubuntu1
2020-08-06 22:35:25 status unpacked adduser:all 3.116ubuntu1
2020-08-06 22:35:25 status unpacked adduser:all 3.116ubuntu1
2020-08-06 22:35:25 upgrade passwd:i386 1:4.5-1ubuntu1 1:4.5-1ubuntu1
2020-08-06 22:35:25 status half-configured passwd:i386 1:4.5-1ubuntu1
2020-08-06 22:35:25 status unpacked passwd:i386 1:4.5-1ubuntu1
2020-08-06 22:35:25 status half-installed passwd:i386 1:4.5-1ubuntu1
2020-08-06 22:35:26 status half-installed passwd:i386 1:4.5-1ubuntu1
2020-08-06 22:35:26 status unpacked passwd:i386 1:4.5-1ubuntu1
2020-08-06 22:35:26 status unpacked passwd:i386 1:4.5-1ubuntu1
2020-08-06 22:35:26 upgrade libsemanage1:i386 2.7-2build2 2.7-2build2
2020-08-06 22:35:26 status half-configured libsemanage1:i386 2.7-2build2
2020-08-06 22:35:26 status unpacked libsemanage1:i386 2.7-2build2
2020-08-06 22:35:26 status half-installed libsemanage1:i386 2.7-2build2
2020-08-06 22:35:26 status half-installed libsemanage1:i386 2.7-2build2
2020-08-06 22:35:26 status unpacked libsemanage1:i386 2.7-2build2
2020-08-06 22:35:26 status unpacked libsemanage1:i386 2.7-2build2
2020-08-06 22:35:26 upgrade libsemanage-common:all 2.7-2build2 2.7-2build2
2020-08-06 22:35:26 status half-configured libsemanage-common:all 2.7-2build2
2020-08-06 22:35:26 status unpacked libsemanage-common:all 2.7-2build2
2020-08-06 22:35:26 status half-installed libsemanage-common:all 2.7-2build2
2020-08-06 22:35:26 status half-installed libsemanage-common:all 2.7-2build2
2020-08-06 22:35:26 status unpacked libsemanage-common:all 2.7-2build2
2020-08-06 22:35:26 status unpacked libsemanage-common:all 2.7-2build2
2020-08-06 22:35:26 startup packages configure
2020-08-06 22:35:26 configure libsemanage-common:all 2.7-2build2 <none>
2020-08-06 22:35:26 status unpacked libsemanage-common:all 2.7-2build2
2020-08-06 22:35:26 status unpacked libsemanage-common:all 2.7-2build2
2020-08-06 22:35:26 status half-configured libsemanage-common:all 2.7-2build2
2020-08-06 22:35:26 status installed libsemanage-common:all 2.7-2build2
2020-08-06 22:35:26 startup archives unpack
2020-08-06 22:35:26 upgrade libsepol1:i386 2.7-1 2.7-1
2020-08-06 22:35:26 status half-configured libsepol1:i386 2.7-1
2020-08-06 22:35:26 status unpacked libsepol1:i386 2.7-1
2020-08-06 22:35:26 status half-installed libsepol1:i386 2.7-1
2020-08-06 22:35:26 status half-installed libsepol1:i386 2.7-1
2020-08-06 22:35:27 status unpacked libsepol1:i386 2.7-1
2020-08-06 22:35:27 status unpacked libsepol1:i386 2.7-1
2020-08-06 22:35:27 startup packages configure
2020-08-06 22:35:27 configure libsepol1:i386 2.7-1 <none>
2020-08-06 22:35:27 status unpacked libsepol1:i386 2.7-1
2020-08-06 22:35:27 status half-configured libsepol1:i386 2.7-1
2020-08-06 22:35:27 status installed libsepol1:i386 2.7-1
2020-08-06 22:35:27 configure libsemanage1:i386 2.7-2build2 <none>
2020-08-06 22:35:27 status unpacked libsemanage1:i386 2.7-2build2
2020-08-06 22:35:27 status half-configured libsemanage1:i386 2.7-2build2
2020-08-06 22:35:27 status installed libsemanage1:i386 2.7-2build2
2020-08-06 22:35:27 configure passwd:i386 1:4.5-1ubuntu1 <none>
2020-08-06 22:35:27 status unpacked passwd:i386 1:4.5-1ubuntu1
2020-08-06 22:35:27 status unpacked passwd:i386 1:4.5-1ubuntu1
2020-08-06 22:35:27 status unpacked passwd:i386 1:4.5-1ubuntu1
2020-08-06 22:35:27 status unpacked passwd:i386 1:4.5-1ubuntu1
2020-08-06 22:35:27 status unpacked passwd:i386 1:4.5-1ubuntu1
2020-08-06 22:35:27 status unpacked passwd:i386 1:4.5-1ubuntu1
2020-08-06 22:35:27 status unpacked passwd:i386 1:4.5-1ubuntu1
2020-08-06 22:35:27 status unpacked passwd:i386 1:4.5-1ubuntu1
2020-08-06 22:35:27 status half-configured passwd:i386 1:4.5-1ubuntu1
2020-08-06 22:35:27 status installed passwd:i386 1:4.5-1ubuntu1
2020-08-06 22:35:27 configure adduser:all 3.116ubuntu1 <none>
2020-08-06 22:35:27 status unpacked adduser:all 3.116ubuntu1
2020-08-06 22:35:27 status unpacked adduser:all 3.116ubuntu1
2020-08-06 22:35:27 status half-configured adduser:all 3.116ubuntu1
2020-08-06 22:35:27 status installed adduser:all 3.116ubuntu1
2020-08-06 22:35:27 startup archives unpack
2020-08-06 22:35:27 upgrade gpgv:i386 2.2.4-1ubuntu1 2.2.4-1ubuntu1
2020-08-06 22:35:27 status half-configured gpgv:i386 2.2.4-1ubuntu1
2020-08-06 22:35:27 status unpacked gpgv:i386 2.2.4-1ubuntu1
2020-08-06 22:35:27 status half-installed gpgv:i386 2.2.4-1ubuntu1
2020-08-06 22:35:27 status half-installed gpgv:i386 2.2.4-1ubuntu1
2020-08-06 22:35:27 status unpacked gpgv:i386 2.2.4-1ubuntu1
2020-08-06 22:35:27 status unpacked gpgv:i386 2.2.4-1ubuntu1
2020-08-06 22:35:28 startup packages configure
2020-08-06 22:35:28 configure gpgv:i386 2.2.4-1ubuntu1 <none>
2020-08-06 22:35:28 status unpacked gpgv:i386 2.2.4-1ubuntu1
2020-08-06 22:35:28 status half-configured gpgv:i386 2.2.4-1ubuntu1
2020-08-06 22:35:28 status installed gpgv:i386 2.2.4-1ubuntu1
2020-08-06 22:35:28 startup archives unpack
2020-08-06 22:35:28 upgrade ubuntu-keyring:all 2018.02.28 2018.02.28
2020-08-06 22:35:28 status half-configured ubuntu-keyring:all 2018.02.28
2020-08-06 22:35:28 status unpacked ubuntu-keyring:all 2018.02.28
2020-08-06 22:35:28 status half-installed ubuntu-keyring:all 2018.02.28
2020-08-06 22:35:28 status half-installed ubuntu-keyring:all 2018.02.28
2020-08-06 22:35:28 status unpacked ubuntu-keyring:all 2018.02.28
2020-08-06 22:35:28 status unpacked ubuntu-keyring:all 2018.02.28
2020-08-06 22:35:29 startup packages configure
2020-08-06 22:35:29 configure ubuntu-keyring:all 2018.02.28 <none>
2020-08-06 22:35:29 status unpacked ubuntu-keyring:all 2018.02.28
2020-08-06 22:35:29 status half-configured ubuntu-keyring:all 2018.02.28
2020-08-06 22:35:29 status installed ubuntu-keyring:all 2018.02.28
2020-08-06 22:35:29 startup archives unpack
2020-08-06 22:35:29 upgrade libgnutls30:i386 3.5.18-1ubuntu1 3.5.18-1ubuntu1
2020-08-06 22:35:29 status half-configured libgnutls30:i386 3.5.18-1ubuntu1
2020-08-06 22:35:29 status unpacked libgnutls30:i386 3.5.18-1ubuntu1
2020-08-06 22:35:29 status half-installed libgnutls30:i386 3.5.18-1ubuntu1
2020-08-06 22:35:29 status half-installed libgnutls30:i386 3.5.18-1ubuntu1
2020-08-06 22:35:29 status unpacked libgnutls30:i386 3.5.18-1ubuntu1
2020-08-06 22:35:29 status unpacked libgnutls30:i386 3.5.18-1ubuntu1
2020-08-06 22:35:29 upgrade libgmp10:i386 2:6.1.2+dfsg-2 2:6.1.2+dfsg-2
2020-08-06 22:35:29 status half-configured libgmp10:i386 2:6.1.2+dfsg-2
2020-08-06 22:35:29 status unpacked libgmp10:i386 2:6.1.2+dfsg-2
2020-08-06 22:35:29 status half-installed libgmp10:i386 2:6.1.2+dfsg-2
2020-08-06 22:35:29 status half-installed libgmp10:i386 2:6.1.2+dfsg-2
2020-08-06 22:35:29 status unpacked libgmp10:i386 2:6.1.2+dfsg-2
2020-08-06 22:35:29 status unpacked libgmp10:i386 2:6.1.2+dfsg-2
2020-08-06 22:35:30 startup packages configure
2020-08-06 22:35:30 configure libgmp10:i386 2:6.1.2+dfsg-2 <none>
2020-08-06 22:35:30 status unpacked libgmp10:i386 2:6.1.2+dfsg-2
2020-08-06 22:35:30 status half-configured libgmp10:i386 2:6.1.2+dfsg-2
2020-08-06 22:35:30 status installed libgmp10:i386 2:6.1.2+dfsg-2
2020-08-06 22:35:30 startup archives unpack
2020-08-06 22:35:30 upgrade libhogweed4:i386 3.4-1 3.4-1
2020-08-06 22:35:30 status half-configured libhogweed4:i386 3.4-1
2020-08-06 22:35:30 status unpacked libhogweed4:i386 3.4-1
2020-08-06 22:35:30 status half-installed libhogweed4:i386 3.4-1
2020-08-06 22:35:30 status half-installed libhogweed4:i386 3.4-1
2020-08-06 22:35:30 status unpacked libhogweed4:i386 3.4-1
2020-08-06 22:35:30 status unpacked libhogweed4:i386 3.4-1
2020-08-06 22:35:30 upgrade libnettle6:i386 3.4-1 3.4-1
2020-08-06 22:35:30 status half-configured libnettle6:i386 3.4-1
2020-08-06 22:35:30 status unpacked libnettle6:i386 3.4-1
2020-08-06 22:35:30 status half-installed libnettle6:i386 3.4-1
2020-08-06 22:35:30 status half-installed libnettle6:i386 3.4-1
2020-08-06 22:35:30 status unpacked libnettle6:i386 3.4-1
2020-08-06 22:35:30 status unpacked libnettle6:i386 3.4-1
2020-08-06 22:35:30 startup packages configure
2020-08-06 22:35:30 configure libnettle6:i386 3.4-1 <none>
2020-08-06 22:35:30 status unpacked libnettle6:i386 3.4-1
2020-08-06 22:35:30 status half-configured libnettle6:i386 3.4-1
2020-08-06 22:35:30 status installed libnettle6:i386 3.4-1
2020-08-06 22:35:30 configure libhogweed4:i386 3.4-1 <none>
2020-08-06 22:35:30 status unpacked libhogweed4:i386 3.4-1
2020-08-06 22:35:30 status half-configured libhogweed4:i386 3.4-1
2020-08-06 22:35:30 status installed libhogweed4:i386 3.4-1
2020-08-06 22:35:31 startup archives unpack
2020-08-06 22:35:31 upgrade libidn2-0:i386 2.0.4-1.1build2 2.0.4-1.1build2
2020-08-06 22:35:31 status half-configured libidn2-0:i386 2.0.4-1.1build2
2020-08-06 22:35:31 status unpacked libidn2-0:i386 2.0.4-1.1build2
2020-08-06 22:35:31 status half-installed libidn2-0:i386 2.0.4-1.1build2
2020-08-06 22:35:31 status half-installed libidn2-0:i386 2.0.4-1.1build2
2020-08-06 22:35:31 status unpacked libidn2-0:i386 2.0.4-1.1build2
2020-08-06 22:35:31 status unpacked libidn2-0:i386 2.0.4-1.1build2
2020-08-06 22:35:31 upgrade libunistring2:i386 0.9.9-0ubuntu1 0.9.9-0ubuntu1
2020-08-06 22:35:31 status half-configured libunistring2:i386 0.9.9-0ubuntu1
2020-08-06 22:35:31 status unpacked libunistring2:i386 0.9.9-0ubuntu1
2020-08-06 22:35:31 status half-installed libunistring2:i386 0.9.9-0ubuntu1
2020-08-06 22:35:31 status half-installed libunistring2:i386 0.9.9-0ubuntu1
2020-08-06 22:35:31 status unpacked libunistring2:i386 0.9.9-0ubuntu1
2020-08-06 22:35:31 status unpacked libunistring2:i386 0.9.9-0ubuntu1
2020-08-06 22:35:31 startup packages configure
2020-08-06 22:35:31 configure libunistring2:i386 0.9.9-0ubuntu1 <none>
2020-08-06 22:35:31 status unpacked libunistring2:i386 0.9.9-0ubuntu1
2020-08-06 22:35:31 status half-configured libunistring2:i386 0.9.9-0ubuntu1
2020-08-06 22:35:31 status installed libunistring2:i386 0.9.9-0ubuntu1
2020-08-06 22:35:31 configure libidn2-0:i386 2.0.4-1.1build2 <none>
2020-08-06 22:35:31 status unpacked libidn2-0:i386 2.0.4-1.1build2
2020-08-06 22:35:31 status half-configured libidn2-0:i386 2.0.4-1.1build2
2020-08-06 22:35:31 status installed libidn2-0:i386 2.0.4-1.1build2
2020-08-06 22:35:32 startup archives unpack
2020-08-06 22:35:32 upgrade libp11-kit0:i386 0.23.9-2 0.23.9-2
2020-08-06 22:35:32 status half-configured libp11-kit0:i386 0.23.9-2
2020-08-06 22:35:32 status unpacked libp11-kit0:i386 0.23.9-2
2020-08-06 22:35:32 status half-installed libp11-kit0:i386 0.23.9-2
2020-08-06 22:35:32 status half-installed libp11-kit0:i386 0.23.9-2
2020-08-06 22:35:32 status unpacked libp11-kit0:i386 0.23.9-2
2020-08-06 22:35:32 status unpacked libp11-kit0:i386 0.23.9-2
2020-08-06 22:35:32 upgrade libffi6:i386 3.2.1-8 3.2.1-8
2020-08-06 22:35:32 status half-configured libffi6:i386 3.2.1-8
2020-08-06 22:35:32 status unpacked libffi6:i386 3.2.1-8
2020-08-06 22:35:32 status half-installed libffi6:i386 3.2.1-8
2020-08-06 22:35:32 status half-installed libffi6:i386 3.2.1-8
2020-08-06 22:35:32 status unpacked libffi6:i386 3.2.1-8
2020-08-06 22:35:32 status unpacked libffi6:i386 3.2.1-8
2020-08-06 22:35:32 startup packages configure
2020-08-06 22:35:32 configure libffi6:i386 3.2.1-8 <none>
2020-08-06 22:35:32 status unpacked libffi6:i386 3.2.1-8
2020-08-06 22:35:32 status half-configured libffi6:i386 3.2.1-8
2020-08-06 22:35:32 status installed libffi6:i386 3.2.1-8
2020-08-06 22:35:32 configure libp11-kit0:i386 0.23.9-2 <none>
2020-08-06 22:35:32 status unpacked libp11-kit0:i386 0.23.9-2
2020-08-06 22:35:32 status half-configured libp11-kit0:i386 0.23.9-2
2020-08-06 22:35:32 status installed libp11-kit0:i386 0.23.9-2
2020-08-06 22:35:32 startup archives unpack
2020-08-06 22:35:32 upgrade libtasn1-6:i386 4.13-2 4.13-2
2020-08-06 22:35:32 status half-configured libtasn1-6:i386 4.13-2
2020-08-06 22:35:32 status unpacked libtasn1-6:i386 4.13-2
2020-08-06 22:35:32 status half-installed libtasn1-6:i386 4.13-2
2020-08-06 22:35:32 status half-installed libtasn1-6:i386 4.13-2
2020-08-06 22:35:32 status unpacked libtasn1-6:i386 4.13-2
2020-08-06 22:35:32 status unpacked libtasn1-6:i386 4.13-2
2020-08-06 22:35:33 startup packages configure
2020-08-06 22:35:33 configure libtasn1-6:i386 4.13-2 <none>
2020-08-06 22:35:33 status unpacked libtasn1-6:i386 4.13-2
2020-08-06 22:35:33 status half-configured libtasn1-6:i386 4.13-2
2020-08-06 22:35:33 status installed libtasn1-6:i386 4.13-2
2020-08-06 22:35:33 configure libgnutls30:i386 3.5.18-1ubuntu1 <none>
2020-08-06 22:35:33 status unpacked libgnutls30:i386 3.5.18-1ubuntu1
2020-08-06 22:35:33 status half-configured libgnutls30:i386 3.5.18-1ubuntu1
2020-08-06 22:35:33 status installed libgnutls30:i386 3.5.18-1ubuntu1
2020-08-06 22:35:33 startup archives unpack
2020-08-06 22:35:33 upgrade libseccomp2:i386 2.3.1-2.1ubuntu4 2.3.1-2.1ubuntu4
2020-08-06 22:35:33 status half-configured libseccomp2:i386 2.3.1-2.1ubuntu4
2020-08-06 22:35:33 status unpacked libseccomp2:i386 2.3.1-2.1ubuntu4
2020-08-06 22:35:33 status half-installed libseccomp2:i386 2.3.1-2.1ubuntu4
2020-08-06 22:35:33 status half-installed libseccomp2:i386 2.3.1-2.1ubuntu4
2020-08-06 22:35:33 status unpacked libseccomp2:i386 2.3.1-2.1ubuntu4
2020-08-06 22:35:33 status unpacked libseccomp2:i386 2.3.1-2.1ubuntu4
2020-08-06 22:35:34 startup packages configure
2020-08-06 22:35:34 configure libseccomp2:i386 2.3.1-2.1ubuntu4 <none>
2020-08-06 22:35:34 status unpacked libseccomp2:i386 2.3.1-2.1ubuntu4
2020-08-06 22:35:34 status half-configured libseccomp2:i386 2.3.1-2.1ubuntu4
2020-08-06 22:35:34 status installed libseccomp2:i386 2.3.1-2.1ubuntu4
2020-08-06 22:35:34 configure apt:i386 1.6.1 <none>
2020-08-06 22:35:34 status unpacked apt:i386 1.6.1
2020-08-06 22:35:34 status unpacked apt:i386 1.6.1
2020-08-06 22:35:34 status unpacked apt:i386 1.6.1
2020-08-06 22:35:34 status unpacked apt:i386 1.6.1
2020-08-06 22:35:34 status unpacked apt:i386 1.6.1
2020-08-06 22:35:34 status unpacked apt:i386 1.6.1
2020-08-06 22:35:34 status half-configured apt:i386 1.6.1
2020-08-06 22:35:34 status installed apt:i386 1.6.1
2020-08-06 22:35:34 startup archives unpack
2020-08-06 22:35:34 upgrade mount:i386 2.31.1-0.4ubuntu3 2.31.1-0.4ubuntu3
2020-08-06 22:35:34 status half-configured mount:i386 2.31.1-0.4ubuntu3
2020-08-06 22:35:34 status unpacked mount:i386 2.31.1-0.4ubuntu3
2020-08-06 22:35:34 status half-installed mount:i386 2.31.1-0.4ubuntu3
2020-08-06 22:35:34 status half-installed mount:i386 2.31.1-0.4ubuntu3
2020-08-06 22:35:34 status unpacked mount:i386 2.31.1-0.4ubuntu3
2020-08-06 22:35:34 status unpacked mount:i386 2.31.1-0.4ubuntu3
2020-08-06 22:35:35 upgrade libncurses5:i386 6.1-1ubuntu1 6.1-1ubuntu1
2020-08-06 22:35:35 status half-configured libncurses5:i386 6.1-1ubuntu1
2020-08-06 22:35:35 status unpacked libncurses5:i386 6.1-1ubuntu1
2020-08-06 22:35:35 status half-installed libncurses5:i386 6.1-1ubuntu1
2020-08-06 22:35:35 status half-installed libncurses5:i386 6.1-1ubuntu1
2020-08-06 22:35:35 status unpacked libncurses5:i386 6.1-1ubuntu1
2020-08-06 22:35:35 status unpacked libncurses5:i386 6.1-1ubuntu1
2020-08-06 22:35:35 upgrade libprocps6:i386 2:3.3.12-3ubuntu1 2:3.3.12-3ubuntu1
2020-08-06 22:35:35 status half-configured libprocps6:i386 2:3.3.12-3ubuntu1
2020-08-06 22:35:35 status unpacked libprocps6:i386 2:3.3.12-3ubuntu1
2020-08-06 22:35:35 status half-installed libprocps6:i386 2:3.3.12-3ubuntu1
2020-08-06 22:35:35 status half-installed libprocps6:i386 2:3.3.12-3ubuntu1
2020-08-06 22:35:35 status unpacked libprocps6:i386 2:3.3.12-3ubuntu1
2020-08-06 22:35:35 status unpacked libprocps6:i386 2:3.3.12-3ubuntu1
2020-08-06 22:35:35 upgrade lsb-base:all 9.20170808ubuntu1 9.20170808ubuntu1
2020-08-06 22:35:35 status half-configured lsb-base:all 9.20170808ubuntu1
2020-08-06 22:35:35 status unpacked lsb-base:all 9.20170808ubuntu1
2020-08-06 22:35:35 status half-installed lsb-base:all 9.20170808ubuntu1
2020-08-06 22:35:35 status half-installed lsb-base:all 9.20170808ubuntu1
2020-08-06 22:35:35 status unpacked lsb-base:all 9.20170808ubuntu1
2020-08-06 22:35:35 status unpacked lsb-base:all 9.20170808ubuntu1
2020-08-06 22:35:35 upgrade procps:i386 2:3.3.12-3ubuntu1 2:3.3.12-3ubuntu1
2020-08-06 22:35:35 status half-configured procps:i386 2:3.3.12-3ubuntu1
2020-08-06 22:35:35 status unpacked procps:i386 2:3.3.12-3ubuntu1
2020-08-06 22:35:35 status half-installed procps:i386 2:3.3.12-3ubuntu1
2020-08-06 22:35:35 status half-installed procps:i386 2:3.3.12-3ubuntu1
2020-08-06 22:35:35 status unpacked procps:i386 2:3.3.12-3ubuntu1
2020-08-06 22:35:35 status unpacked procps:i386 2:3.3.12-3ubuntu1
2020-08-06 22:35:35 upgrade sensible-utils:all 0.0.12 0.0.12
2020-08-06 22:35:35 status half-configured sensible-utils:all 0.0.12
2020-08-06 22:35:35 status unpacked sensible-utils:all 0.0.12
2020-08-06 22:35:35 status half-installed sensible-utils:all 0.0.12
2020-08-06 22:35:35 status half-installed sensible-utils:all 0.0.12
2020-08-06 22:35:35 status unpacked sensible-utils:all 0.0.12
2020-08-06 22:35:35 status unpacked sensible-utils:all 0.0.12
2020-08-06 22:35:35 upgrade bzip2:i386 1.0.6-8.1 1.0.6-8.1
2020-08-06 22:35:35 status half-configured bzip2:i386 1.0.6-8.1
2020-08-06 22:35:35 status unpacked bzip2:i386 1.0.6-8.1
2020-08-06 22:35:35 status half-installed bzip2:i386 1.0.6-8.1
2020-08-06 22:35:35 status half-installed bzip2:i386 1.0.6-8.1
2020-08-06 22:35:35 status unpacked bzip2:i386 1.0.6-8.1
2020-08-06 22:35:35 status unpacked bzip2:i386 1.0.6-8.1
2020-08-06 22:35:35 startup packages configure
2020-08-06 22:35:35 configure libncurses5:i386 6.1-1ubuntu1 <none>
2020-08-06 22:35:35 status unpacked libncurses5:i386 6.1-1ubuntu1
2020-08-06 22:35:35 status half-configured libncurses5:i386 6.1-1ubuntu1
2020-08-06 22:35:35 status installed libncurses5:i386 6.1-1ubuntu1
2020-08-06 22:35:35 configure mount:i386 2.31.1-0.4ubuntu3 <none>
2020-08-06 22:35:35 status unpacked mount:i386 2.31.1-0.4ubuntu3
2020-08-06 22:35:35 status half-configured mount:i386 2.31.1-0.4ubuntu3
2020-08-06 22:35:35 status installed mount:i386 2.31.1-0.4ubuntu3
2020-08-06 22:35:35 configure libprocps6:i386 2:3.3.12-3ubuntu1 <none>
2020-08-06 22:35:35 status unpacked libprocps6:i386 2:3.3.12-3ubuntu1
2020-08-06 22:35:35 status half-configured libprocps6:i386 2:3.3.12-3ubuntu1
2020-08-06 22:35:35 status installed libprocps6:i386 2:3.3.12-3ubuntu1
2020-08-06 22:35:35 configure bzip2:i386 1.0.6-8.1 <none>
2020-08-06 22:35:35 status unpacked bzip2:i386 1.0.6-8.1
2020-08-06 22:35:35 status half-configured bzip2:i386 1.0.6-8.1
2020-08-06 22:35:35 status installed bzip2:i386 1.0.6-8.1
2020-08-06 22:35:35 configure lsb-base:all 9.20170808ubuntu1 <none>
2020-08-06 22:35:35 status unpacked lsb-base:all 9.20170808ubuntu1
2020-08-06 22:35:35 status half-configured lsb-base:all 9.20170808ubuntu1
2020-08-06 22:35:35 status installed lsb-base:all 9.20170808ubuntu1
2020-08-06 22:35:35 configure procps:i386 2:3.3.12-3ubuntu1 <none>
2020-08-06 22:35:35 status unpacked procps:i386 2:3.3.12-3ubuntu1
2020-08-06 22:35:35 status unpacked procps:i386 2:3.3.12-3ubuntu1
2020-08-06 22:35:35 status unpacked procps:i386 2:3.3.12-3ubuntu1
2020-08-06 22:35:35 status unpacked procps:i386 2:3.3.12-3ubuntu1
2020-08-06 22:35:35 status unpacked procps:i386 2:3.3.12-3ubuntu1
2020-08-06 22:35:35 status unpacked procps:i386 2:3.3.12-3ubuntu1
2020-08-06 22:35:35 status unpacked procps:i386 2:3.3.12-3ubuntu1
2020-08-06 22:35:35 status unpacked procps:i386 2:3.3.12-3ubuntu1
2020-08-06 22:35:35 status unpacked procps:i386 2:3.3.12-3ubuntu1
2020-08-06 22:35:35 status unpacked procps:i386 2:3.3.12-3ubuntu1
2020-08-06 22:35:35 status unpacked procps:i386 2:3.3.12-3ubuntu1
2020-08-06 22:35:35 status unpacked procps:i386 2:3.3.12-3ubuntu1
2020-08-06 22:35:35 status half-configured procps:i386 2:3.3.12-3ubuntu1
2020-08-06 22:35:35 status installed procps:i386 2:3.3.12-3ubuntu1
2020-08-06 22:35:35 configure sensible-utils:all 0.0.12 <none>
2020-08-06 22:35:35 status unpacked sensible-utils:all 0.0.12
2020-08-06 22:35:35 status half-configured sensible-utils:all 0.0.12
2020-08-06 22:35:35 status installed sensible-utils:all 0.0.12
2020-08-06 22:35:35 trigproc libc-bin:i386 2.27-3ubuntu1 <none>
2020-08-06 22:35:35 status half-configured libc-bin:i386 2.27-3ubuntu1
2020-08-06 22:35:35 status installed libc-bin:i386 2.27-3ubuntu1
2020-08-06 22:35:40 startup archives unpack
2020-08-06 22:35:40 upgrade ubuntu-keyring:all 2018.02.28 2018.09.18.1~18.04.0
2020-08-06 22:35:40 status half-configured ubuntu-keyring:all 2018.02.28
2020-08-06 22:35:40 status unpacked ubuntu-keyring:all 2018.02.28
2020-08-06 22:35:40 status half-installed ubuntu-keyring:all 2018.02.28
2020-08-06 22:35:40 status half-installed ubuntu-keyring:all 2018.02.28
2020-08-06 22:35:40 status unpacked ubuntu-keyring:all 2018.09.18.1~18.04.0
2020-08-06 22:35:40 status unpacked ubuntu-keyring:all 2018.09.18.1~18.04.0
2020-08-06 22:35:40 startup packages configure
2020-08-06 22:35:40 configure ubuntu-keyring:all 2018.09.18.1~18.04.0 <none>
2020-08-06 22:35:40 status unpacked ubuntu-keyring:all 2018.09.18.1~18.04.0
2020-08-06 22:35:40 status half-configured ubuntu-keyring:all 2018.09.18.1~18.04.0
2020-08-06 22:35:40 status installed ubuntu-keyring:all 2018.09.18.1~18.04.0
2020-08-06 22:35:40 startup packages configure
2020-08-06 22:35:43 startup archives unpack
2020-08-06 22:35:43 upgrade gcc-8-base:i386 8-20180414-1ubuntu2 8.4.0-1ubuntu1~18.04
2020-08-06 22:35:43 status half-configured gcc-8-base:i386 8-20180414-1ubuntu2
2020-08-06 22:35:43 status unpacked gcc-8-base:i386 8-20180414-1ubuntu2
2020-08-06 22:35:43 status half-installed gcc-8-base:i386 8-20180414-1ubuntu2
2020-08-06 22:35:43 status half-installed gcc-8-base:i386 8-20180414-1ubuntu2
2020-08-06 22:35:43 status unpacked gcc-8-base:i386 8.4.0-1ubuntu1~18.04
2020-08-06 22:35:43 status unpacked gcc-8-base:i386 8.4.0-1ubuntu1~18.04
2020-08-06 22:35:43 startup packages configure
2020-08-06 22:35:43 configure gcc-8-base:i386 8.4.0-1ubuntu1~18.04 <none>
2020-08-06 22:35:43 status unpacked gcc-8-base:i386 8.4.0-1ubuntu1~18.04
2020-08-06 22:35:43 status half-configured gcc-8-base:i386 8.4.0-1ubuntu1~18.04
2020-08-06 22:35:43 status installed gcc-8-base:i386 8.4.0-1ubuntu1~18.04
2020-08-06 22:35:43 startup archives unpack
2020-08-06 22:35:43 upgrade libgcc1:i386 1:8-20180414-1ubuntu2 1:8.4.0-1ubuntu1~18.04
2020-08-06 22:35:43 status triggers-pending libc-bin:i386 2.27-3ubuntu1
2020-08-06 22:35:43 status half-configured libgcc1:i386 1:8-20180414-1ubuntu2
2020-08-06 22:35:43 status unpacked libgcc1:i386 1:8-20180414-1ubuntu2
2020-08-06 22:35:43 status half-installed libgcc1:i386 1:8-20180414-1ubuntu2
2020-08-06 22:35:43 status half-installed libgcc1:i386 1:8-20180414-1ubuntu2
2020-08-06 22:35:43 status unpacked libgcc1:i386 1:8.4.0-1ubuntu1~18.04
2020-08-06 22:35:43 status unpacked libgcc1:i386 1:8.4.0-1ubuntu1~18.04
2020-08-06 22:35:43 startup packages configure
2020-08-06 22:35:43 configure libgcc1:i386 1:8.4.0-1ubuntu1~18.04 <none>
2020-08-06 22:35:43 status unpacked libgcc1:i386 1:8.4.0-1ubuntu1~18.04
2020-08-06 22:35:43 status half-configured libgcc1:i386 1:8.4.0-1ubuntu1~18.04
2020-08-06 22:35:43 status installed libgcc1:i386 1:8.4.0-1ubuntu1~18.04
2020-08-06 22:35:43 startup archives unpack
2020-08-06 22:35:43 upgrade libstdc++6:i386 8-20180414-1ubuntu2 8.4.0-1ubuntu1~18.04
2020-08-06 22:35:43 status half-configured libstdc++6:i386 8-20180414-1ubuntu2
2020-08-06 22:35:43 status unpacked libstdc++6:i386 8-20180414-1ubuntu2
2020-08-06 22:35:43 status half-installed libstdc++6:i386 8-20180414-1ubuntu2
2020-08-06 22:35:43 status half-installed libstdc++6:i386 8-20180414-1ubuntu2
2020-08-06 22:35:43 status unpacked libstdc++6:i386 8.4.0-1ubuntu1~18.04
2020-08-06 22:35:43 status unpacked libstdc++6:i386 8.4.0-1ubuntu1~18.04
2020-08-06 22:35:43 startup packages configure
2020-08-06 22:35:43 configure libstdc++6:i386 8.4.0-1ubuntu1~18.04 <none>
2020-08-06 22:35:43 status unpacked libstdc++6:i386 8.4.0-1ubuntu1~18.04
2020-08-06 22:35:43 status half-configured libstdc++6:i386 8.4.0-1ubuntu1~18.04
2020-08-06 22:35:43 status installed libstdc++6:i386 8.4.0-1ubuntu1~18.04
2020-08-06 22:35:43 startup archives unpack
2020-08-06 22:35:43 upgrade libc6:i386 2.27-3ubuntu1 2.27-3ubuntu1.2
2020-08-06 22:35:43 status half-configured libc6:i386 2.27-3ubuntu1
2020-08-06 22:35:43 status unpacked libc6:i386 2.27-3ubuntu1
2020-08-06 22:35:43 status half-installed libc6:i386 2.27-3ubuntu1
2020-08-06 22:35:45 status half-installed libc6:i386 2.27-3ubuntu1
2020-08-06 22:35:45 status unpacked libc6:i386 2.27-3ubuntu1.2
2020-08-06 22:35:45 status unpacked libc6:i386 2.27-3ubuntu1.2
2020-08-06 22:35:45 startup packages configure
2020-08-06 22:35:45 configure libc6:i386 2.27-3ubuntu1.2 <none>
2020-08-06 22:35:45 status unpacked libc6:i386 2.27-3ubuntu1.2
2020-08-06 22:35:45 status unpacked libc6:i386 2.27-3ubuntu1.2
2020-08-06 22:35:45 status half-configured libc6:i386 2.27-3ubuntu1.2
2020-08-06 22:35:45 status installed libc6:i386 2.27-3ubuntu1.2
2020-08-06 22:35:45 startup archives unpack
2020-08-06 22:35:45 upgrade base-files:i386 10.1ubuntu2 10.1ubuntu2.9
2020-08-06 22:35:45 status half-configured base-files:i386 10.1ubuntu2
2020-08-06 22:35:45 status unpacked base-files:i386 10.1ubuntu2
2020-08-06 22:35:45 status half-installed base-files:i386 10.1ubuntu2
2020-08-06 22:35:45 status half-installed base-files:i386 10.1ubuntu2
2020-08-06 22:35:45 status unpacked base-files:i386 10.1ubuntu2.9
2020-08-06 22:35:45 status unpacked base-files:i386 10.1ubuntu2.9
2020-08-06 22:35:45 startup packages configure
2020-08-06 22:35:45 configure base-files:i386 10.1ubuntu2.9 <none>
2020-08-06 22:35:45 status unpacked base-files:i386 10.1ubuntu2.9
2020-08-06 22:35:45 status unpacked base-files:i386 10.1ubuntu2.9
2020-08-06 22:35:45 status unpacked base-files:i386 10.1ubuntu2.9
2020-08-06 22:35:45 status unpacked base-files:i386 10.1ubuntu2.9
2020-08-06 22:35:45 status unpacked base-files:i386 10.1ubuntu2.9
2020-08-06 22:35:45 status unpacked base-files:i386 10.1ubuntu2.9
2020-08-06 22:35:45 status unpacked base-files:i386 10.1ubuntu2.9
2020-08-06 22:35:45 status unpacked base-files:i386 10.1ubuntu2.9
2020-08-06 22:35:45 status unpacked base-files:i386 10.1ubuntu2.9
2020-08-06 22:35:45 status unpacked base-files:i386 10.1ubuntu2.9
2020-08-06 22:35:45 status unpacked base-files:i386 10.1ubuntu2.9
2020-08-06 22:35:45 status unpacked base-files:i386 10.1ubuntu2.9
2020-08-06 22:35:45 status unpacked base-files:i386 10.1ubuntu2.9
2020-08-06 22:35:45 status unpacked base-files:i386 10.1ubuntu2.9
2020-08-06 22:35:45 status half-configured base-files:i386 10.1ubuntu2.9
2020-08-06 22:35:46 status installed base-files:i386 10.1ubuntu2.9
2020-08-06 22:35:46 startup archives unpack
2020-08-06 22:35:46 upgrade bash:i386 4.4.18-2ubuntu1 4.4.18-2ubuntu1.2
2020-08-06 22:35:46 status half-configured bash:i386 4.4.18-2ubuntu1
2020-08-06 22:35:46 status unpacked bash:i386 4.4.18-2ubuntu1
2020-08-06 22:35:46 status half-installed bash:i386 4.4.18-2ubuntu1
2020-08-06 22:35:46 status half-installed bash:i386 4.4.18-2ubuntu1
2020-08-06 22:35:46 status unpacked bash:i386 4.4.18-2ubuntu1.2
2020-08-06 22:35:46 status unpacked bash:i386 4.4.18-2ubuntu1.2
2020-08-06 22:35:46 startup packages configure
2020-08-06 22:35:46 configure bash:i386 4.4.18-2ubuntu1.2 <none>
2020-08-06 22:35:46 status unpacked bash:i386 4.4.18-2ubuntu1.2
2020-08-06 22:35:46 status unpacked bash:i386 4.4.18-2ubuntu1.2
2020-08-06 22:35:46 status unpacked bash:i386 4.4.18-2ubuntu1.2
2020-08-06 22:35:46 status unpacked bash:i386 4.4.18-2ubuntu1.2
2020-08-06 22:35:46 status unpacked bash:i386 4.4.18-2ubuntu1.2
2020-08-06 22:35:46 status half-configured bash:i386 4.4.18-2ubuntu1.2
2020-08-06 22:35:46 status installed bash:i386 4.4.18-2ubuntu1.2
2020-08-06 22:35:46 startup archives unpack
2020-08-06 22:35:46 upgrade bsdutils:i386 1:2.31.1-0.4ubuntu3 1:2.31.1-0.4ubuntu3.6
2020-08-06 22:35:46 status half-configured bsdutils:i386 1:2.31.1-0.4ubuntu3
2020-08-06 22:35:46 status unpacked bsdutils:i386 1:2.31.1-0.4ubuntu3
2020-08-06 22:35:46 status half-installed bsdutils:i386 1:2.31.1-0.4ubuntu3
2020-08-06 22:35:46 status half-installed bsdutils:i386 1:2.31.1-0.4ubuntu3
2020-08-06 22:35:46 status unpacked bsdutils:i386 1:2.31.1-0.4ubuntu3.6
2020-08-06 22:35:46 status unpacked bsdutils:i386 1:2.31.1-0.4ubuntu3.6
2020-08-06 22:35:46 startup packages configure
2020-08-06 22:35:46 configure bsdutils:i386 1:2.31.1-0.4ubuntu3.6 <none>
2020-08-06 22:35:46 status unpacked bsdutils:i386 1:2.31.1-0.4ubuntu3.6
2020-08-06 22:35:46 status half-configured bsdutils:i386 1:2.31.1-0.4ubuntu3.6
2020-08-06 22:35:46 status installed bsdutils:i386 1:2.31.1-0.4ubuntu3.6
2020-08-06 22:35:46 startup archives unpack
2020-08-06 22:35:46 upgrade tar:i386 1.29b-2 1.29b-2ubuntu0.1
2020-08-06 22:35:46 status half-configured tar:i386 1.29b-2
2020-08-06 22:35:46 status unpacked tar:i386 1.29b-2
2020-08-06 22:35:46 status half-installed tar:i386 1.29b-2
2020-08-06 22:35:46 status half-installed tar:i386 1.29b-2
2020-08-06 22:35:46 status unpacked tar:i386 1.29b-2ubuntu0.1
2020-08-06 22:35:46 status unpacked tar:i386 1.29b-2ubuntu0.1
2020-08-06 22:35:46 startup packages configure
2020-08-06 22:35:46 configure tar:i386 1.29b-2ubuntu0.1 <none>
2020-08-06 22:35:46 status unpacked tar:i386 1.29b-2ubuntu0.1
2020-08-06 22:35:46 status unpacked tar:i386 1.29b-2ubuntu0.1
2020-08-06 22:35:46 status half-configured tar:i386 1.29b-2ubuntu0.1
2020-08-06 22:35:46 status installed tar:i386 1.29b-2ubuntu0.1
2020-08-06 22:35:46 startup archives unpack
2020-08-06 22:35:46 upgrade dpkg:i386 1.19.0.5ubuntu2 1.19.0.5ubuntu2.3
2020-08-06 22:35:46 status half-configured dpkg:i386 1.19.0.5ubuntu2
2020-08-06 22:35:46 status unpacked dpkg:i386 1.19.0.5ubuntu2
2020-08-06 22:35:46 status half-installed dpkg:i386 1.19.0.5ubuntu2
2020-08-06 22:35:46 status half-installed dpkg:i386 1.19.0.5ubuntu2
2020-08-06 22:35:46 status unpacked dpkg:i386 1.19.0.5ubuntu2.3
2020-08-06 22:35:46 status unpacked dpkg:i386 1.19.0.5ubuntu2.3
2020-08-06 22:35:46 startup packages configure
2020-08-06 22:35:46 configure dpkg:i386 1.19.0.5ubuntu2.3 <none>
2020-08-06 22:35:46 status unpacked dpkg:i386 1.19.0.5ubuntu2.3
2020-08-06 22:35:46 status unpacked dpkg:i386 1.19.0.5ubuntu2.3
2020-08-06 22:35:46 status unpacked dpkg:i386 1.19.0.5ubuntu2.3
2020-08-06 22:35:46 status unpacked dpkg:i386 1.19.0.5ubuntu2.3
2020-08-06 22:35:46 status unpacked dpkg:i386 1.19.0.5ubuntu2.3
2020-08-06 22:35:46 status unpacked dpkg:i386 1.19.0.5ubuntu2.3
2020-08-06 22:35:46 status half-configured dpkg:i386 1.19.0.5ubuntu2.3
2020-08-06 22:35:46 status installed dpkg:i386 1.19.0.5ubuntu2.3
2020-08-06 22:35:46 startup archives unpack
2020-08-06 22:35:46 upgrade libext2fs2:i386 1.44.1-1 1.44.1-1ubuntu1.3
2020-08-06 22:35:46 status half-configured libext2fs2:i386 1.44.1-1
2020-08-06 22:35:46 status unpacked libext2fs2:i386 1.44.1-1
2020-08-06 22:35:46 status half-installed libext2fs2:i386 1.44.1-1
2020-08-06 22:35:46 status half-installed libext2fs2:i386 1.44.1-1
2020-08-06 22:35:46 status unpacked libext2fs2:i386 1.44.1-1ubuntu1.3
2020-08-06 22:35:46 status unpacked libext2fs2:i386 1.44.1-1ubuntu1.3
2020-08-06 22:35:46 startup packages configure
2020-08-06 22:35:46 configure libext2fs2:i386 1.44.1-1ubuntu1.3 <none>
2020-08-06 22:35:46 status unpacked libext2fs2:i386 1.44.1-1ubuntu1.3
2020-08-06 22:35:46 status half-configured libext2fs2:i386 1.44.1-1ubuntu1.3
2020-08-06 22:35:46 status installed libext2fs2:i386 1.44.1-1ubuntu1.3
2020-08-06 22:35:46 startup archives unpack
2020-08-06 22:35:46 upgrade e2fsprogs:i386 1.44.1-1 1.44.1-1ubuntu1.3
2020-08-06 22:35:46 status half-configured e2fsprogs:i386 1.44.1-1
2020-08-06 22:35:46 status unpacked e2fsprogs:i386 1.44.1-1
2020-08-06 22:35:46 status half-installed e2fsprogs:i386 1.44.1-1
2020-08-06 22:35:46 status half-installed e2fsprogs:i386 1.44.1-1
2020-08-06 22:35:46 status unpacked e2fsprogs:i386 1.44.1-1ubuntu1.3
2020-08-06 22:35:46 status unpacked e2fsprogs:i386 1.44.1-1ubuntu1.3
2020-08-06 22:35:46 startup packages configure
2020-08-06 22:35:46 configure e2fsprogs:i386 1.44.1-1ubuntu1.3 <none>
2020-08-06 22:35:46 status unpacked e2fsprogs:i386 1.44.1-1ubuntu1.3
2020-08-06 22:35:46 status unpacked e2fsprogs:i386 1.44.1-1ubuntu1.3
2020-08-06 22:35:46 status half-configured e2fsprogs:i386 1.44.1-1ubuntu1.3
2020-08-06 22:35:46 status installed e2fsprogs:i386 1.44.1-1ubuntu1.3
2020-08-06 22:35:46 startup archives unpack
2020-08-06 22:35:46 upgrade grep:i386 3.1-2 3.1-2build1
2020-08-06 22:35:46 status half-configured grep:i386 3.1-2
2020-08-06 22:35:46 status unpacked grep:i386 3.1-2
2020-08-06 22:35:46 status half-installed grep:i386 3.1-2
2020-08-06 22:35:46 status half-installed grep:i386 3.1-2
2020-08-06 22:35:46 status unpacked grep:i386 3.1-2build1
2020-08-06 22:35:46 status unpacked grep:i386 3.1-2build1
2020-08-06 22:35:46 startup packages configure
2020-08-06 22:35:46 configure grep:i386 3.1-2build1 <none>
2020-08-06 22:35:46 status unpacked grep:i386 3.1-2build1
2020-08-06 22:35:46 status half-configured grep:i386 3.1-2build1
2020-08-06 22:35:46 status installed grep:i386 3.1-2build1
2020-08-06 22:35:46 startup archives unpack
2020-08-06 22:35:47 upgrade login:i386 1:4.5-1ubuntu1 1:4.5-1ubuntu2
2020-08-06 22:35:47 status half-configured login:i386 1:4.5-1ubuntu1
2020-08-06 22:35:47 status unpacked login:i386 1:4.5-1ubuntu1
2020-08-06 22:35:47 status half-installed login:i386 1:4.5-1ubuntu1
2020-08-06 22:35:47 status half-installed login:i386 1:4.5-1ubuntu1
2020-08-06 22:35:47 status unpacked login:i386 1:4.5-1ubuntu2
2020-08-06 22:35:47 status unpacked login:i386 1:4.5-1ubuntu2
2020-08-06 22:35:47 startup packages configure
2020-08-06 22:35:47 configure login:i386 1:4.5-1ubuntu2 <none>
2020-08-06 22:35:47 status unpacked login:i386 1:4.5-1ubuntu2
2020-08-06 22:35:47 status unpacked login:i386 1:4.5-1ubuntu2
2020-08-06 22:35:47 status unpacked login:i386 1:4.5-1ubuntu2
2020-08-06 22:35:47 status unpacked login:i386 1:4.5-1ubuntu2
2020-08-06 22:35:47 status unpacked login:i386 1:4.5-1ubuntu2
2020-08-06 22:35:47 status half-configured login:i386 1:4.5-1ubuntu2
2020-08-06 22:35:47 status installed login:i386 1:4.5-1ubuntu2
2020-08-06 22:35:47 startup archives unpack
2020-08-06 22:35:47 upgrade ncurses-bin:i386 6.1-1ubuntu1 6.1-1ubuntu1.18.04
2020-08-06 22:35:47 status half-configured ncurses-bin:i386 6.1-1ubuntu1
2020-08-06 22:35:47 status unpacked ncurses-bin:i386 6.1-1ubuntu1
2020-08-06 22:35:47 status half-installed ncurses-bin:i386 6.1-1ubuntu1
2020-08-06 22:35:47 status half-installed ncurses-bin:i386 6.1-1ubuntu1
2020-08-06 22:35:47 status unpacked ncurses-bin:i386 6.1-1ubuntu1.18.04
2020-08-06 22:35:47 status unpacked ncurses-bin:i386 6.1-1ubuntu1.18.04
2020-08-06 22:35:47 startup packages configure
2020-08-06 22:35:47 configure ncurses-bin:i386 6.1-1ubuntu1.18.04 <none>
2020-08-06 22:35:47 status unpacked ncurses-bin:i386 6.1-1ubuntu1.18.04
2020-08-06 22:35:47 status half-configured ncurses-bin:i386 6.1-1ubuntu1.18.04
2020-08-06 22:35:47 status installed ncurses-bin:i386 6.1-1ubuntu1.18.04
2020-08-06 22:35:47 startup archives unpack
2020-08-06 22:35:47 upgrade perl-base:i386 5.26.1-6 5.26.1-6ubuntu0.3
2020-08-06 22:35:47 status half-configured perl-base:i386 5.26.1-6
2020-08-06 22:35:47 status unpacked perl-base:i386 5.26.1-6
2020-08-06 22:35:47 status half-installed perl-base:i386 5.26.1-6
2020-08-06 22:35:47 status half-installed perl-base:i386 5.26.1-6
2020-08-06 22:35:47 status unpacked perl-base:i386 5.26.1-6ubuntu0.3
2020-08-06 22:35:47 status unpacked perl-base:i386 5.26.1-6ubuntu0.3
2020-08-06 22:35:47 startup packages configure
2020-08-06 22:35:47 configure perl-base:i386 5.26.1-6ubuntu0.3 <none>
2020-08-06 22:35:47 status unpacked perl-base:i386 5.26.1-6ubuntu0.3
2020-08-06 22:35:47 status half-configured perl-base:i386 5.26.1-6ubuntu0.3
2020-08-06 22:35:47 status installed perl-base:i386 5.26.1-6ubuntu0.3
2020-08-06 22:35:47 startup archives unpack
2020-08-06 22:35:47 upgrade libuuid1:i386 2.31.1-0.4ubuntu3 2.31.1-0.4ubuntu3.6
2020-08-06 22:35:47 status half-configured libuuid1:i386 2.31.1-0.4ubuntu3
2020-08-06 22:35:47 status unpacked libuuid1:i386 2.31.1-0.4ubuntu3
2020-08-06 22:35:47 status half-installed libuuid1:i386 2.31.1-0.4ubuntu3
2020-08-06 22:35:47 status half-installed libuuid1:i386 2.31.1-0.4ubuntu3
2020-08-06 22:35:47 status unpacked libuuid1:i386 2.31.1-0.4ubuntu3.6
2020-08-06 22:35:47 status unpacked libuuid1:i386 2.31.1-0.4ubuntu3.6
2020-08-06 22:35:47 startup packages configure
2020-08-06 22:35:47 configure libuuid1:i386 2.31.1-0.4ubuntu3.6 <none>
2020-08-06 22:35:47 status unpacked libuuid1:i386 2.31.1-0.4ubuntu3.6
2020-08-06 22:35:47 status half-configured libuuid1:i386 2.31.1-0.4ubuntu3.6
2020-08-06 22:35:47 status installed libuuid1:i386 2.31.1-0.4ubuntu3.6
2020-08-06 22:35:47 startup archives unpack
2020-08-06 22:35:47 upgrade libblkid1:i386 2.31.1-0.4ubuntu3 2.31.1-0.4ubuntu3.6
2020-08-06 22:35:47 status half-configured libblkid1:i386 2.31.1-0.4ubuntu3
2020-08-06 22:35:47 status unpacked libblkid1:i386 2.31.1-0.4ubuntu3
2020-08-06 22:35:47 status half-installed libblkid1:i386 2.31.1-0.4ubuntu3
2020-08-06 22:35:47 status half-installed libblkid1:i386 2.31.1-0.4ubuntu3
2020-08-06 22:35:47 status unpacked libblkid1:i386 2.31.1-0.4ubuntu3.6
2020-08-06 22:35:47 status unpacked libblkid1:i386 2.31.1-0.4ubuntu3.6
2020-08-06 22:35:47 startup packages configure
2020-08-06 22:35:47 configure libblkid1:i386 2.31.1-0.4ubuntu3.6 <none>
2020-08-06 22:35:47 status unpacked libblkid1:i386 2.31.1-0.4ubuntu3.6
2020-08-06 22:35:47 status half-configured libblkid1:i386 2.31.1-0.4ubuntu3.6
2020-08-06 22:35:47 status installed libblkid1:i386 2.31.1-0.4ubuntu3.6
2020-08-06 22:35:47 startup archives unpack
2020-08-06 22:35:47 upgrade libfdisk1:i386 2.31.1-0.4ubuntu3 2.31.1-0.4ubuntu3.6
2020-08-06 22:35:47 status half-configured libfdisk1:i386 2.31.1-0.4ubuntu3
2020-08-06 22:35:47 status unpacked libfdisk1:i386 2.31.1-0.4ubuntu3
2020-08-06 22:35:47 status half-installed libfdisk1:i386 2.31.1-0.4ubuntu3
2020-08-06 22:35:47 status half-installed libfdisk1:i386 2.31.1-0.4ubuntu3
2020-08-06 22:35:47 status unpacked libfdisk1:i386 2.31.1-0.4ubuntu3.6
2020-08-06 22:35:47 status unpacked libfdisk1:i386 2.31.1-0.4ubuntu3.6
2020-08-06 22:35:47 startup packages configure
2020-08-06 22:35:47 configure libfdisk1:i386 2.31.1-0.4ubuntu3.6 <none>
2020-08-06 22:35:47 status unpacked libfdisk1:i386 2.31.1-0.4ubuntu3.6
2020-08-06 22:35:47 status half-configured libfdisk1:i386 2.31.1-0.4ubuntu3.6
2020-08-06 22:35:47 status installed libfdisk1:i386 2.31.1-0.4ubuntu3.6
2020-08-06 22:35:47 startup archives unpack
2020-08-06 22:35:47 upgrade libmount1:i386 2.31.1-0.4ubuntu3 2.31.1-0.4ubuntu3.6
2020-08-06 22:35:47 status half-configured libmount1:i386 2.31.1-0.4ubuntu3
2020-08-06 22:35:47 status unpacked libmount1:i386 2.31.1-0.4ubuntu3
2020-08-06 22:35:47 status half-installed libmount1:i386 2.31.1-0.4ubuntu3
2020-08-06 22:35:47 status half-installed libmount1:i386 2.31.1-0.4ubuntu3
2020-08-06 22:35:47 status unpacked libmount1:i386 2.31.1-0.4ubuntu3.6
2020-08-06 22:35:47 status unpacked libmount1:i386 2.31.1-0.4ubuntu3.6
2020-08-06 22:35:47 startup packages configure
2020-08-06 22:35:47 configure libmount1:i386 2.31.1-0.4ubuntu3.6 <none>
2020-08-06 22:35:47 status unpacked libmount1:i386 2.31.1-0.4ubuntu3.6
2020-08-06 22:35:47 status half-configured libmount1:i386 2.31.1-0.4ubuntu3.6
2020-08-06 22:35:47 status installed libmount1:i386 2.31.1-0.4ubuntu3.6
2020-08-06 22:35:47 startup archives unpack
2020-08-06 22:35:47 upgrade libncurses5:i386 6.1-1ubuntu1 6.1-1ubuntu1.18.04
2020-08-06 22:35:47 status half-configured libncurses5:i386 6.1-1ubuntu1
2020-08-06 22:35:47 status unpacked libncurses5:i386 6.1-1ubuntu1
2020-08-06 22:35:47 status half-installed libncurses5:i386 6.1-1ubuntu1
2020-08-06 22:35:47 status half-installed libncurses5:i386 6.1-1ubuntu1
2020-08-06 22:35:47 status unpacked libncurses5:i386 6.1-1ubuntu1.18.04
2020-08-06 22:35:47 status unpacked libncurses5:i386 6.1-1ubuntu1.18.04
2020-08-06 22:35:47 upgrade libtinfo5:i386 6.1-1ubuntu1 6.1-1ubuntu1.18.04
2020-08-06 22:35:47 status half-configured libtinfo5:i386 6.1-1ubuntu1
2020-08-06 22:35:47 status unpacked libtinfo5:i386 6.1-1ubuntu1
2020-08-06 22:35:47 status half-installed libtinfo5:i386 6.1-1ubuntu1
2020-08-06 22:35:47 status half-installed libtinfo5:i386 6.1-1ubuntu1
2020-08-06 22:35:47 status unpacked libtinfo5:i386 6.1-1ubuntu1.18.04
2020-08-06 22:35:47 status unpacked libtinfo5:i386 6.1-1ubuntu1.18.04
2020-08-06 22:35:48 startup packages configure
2020-08-06 22:35:48 configure libtinfo5:i386 6.1-1ubuntu1.18.04 <none>
2020-08-06 22:35:48 status unpacked libtinfo5:i386 6.1-1ubuntu1.18.04
2020-08-06 22:35:48 status half-configured libtinfo5:i386 6.1-1ubuntu1.18.04
2020-08-06 22:35:48 status installed libtinfo5:i386 6.1-1ubuntu1.18.04
2020-08-06 22:35:48 startup archives unpack
2020-08-06 22:35:48 upgrade libncursesw5:i386 6.1-1ubuntu1 6.1-1ubuntu1.18.04
2020-08-06 22:35:48 status half-configured libncursesw5:i386 6.1-1ubuntu1
2020-08-06 22:35:48 status unpacked libncursesw5:i386 6.1-1ubuntu1
2020-08-06 22:35:48 status half-installed libncursesw5:i386 6.1-1ubuntu1
2020-08-06 22:35:48 status half-installed libncursesw5:i386 6.1-1ubuntu1
2020-08-06 22:35:48 status unpacked libncursesw5:i386 6.1-1ubuntu1.18.04
2020-08-06 22:35:48 status unpacked libncursesw5:i386 6.1-1ubuntu1.18.04
2020-08-06 22:35:48 startup packages configure
2020-08-06 22:35:48 configure libncursesw5:i386 6.1-1ubuntu1.18.04 <none>
2020-08-06 22:35:48 status unpacked libncursesw5:i386 6.1-1ubuntu1.18.04
2020-08-06 22:35:48 status half-configured libncursesw5:i386 6.1-1ubuntu1.18.04
2020-08-06 22:35:48 status installed libncursesw5:i386 6.1-1ubuntu1.18.04
2020-08-06 22:35:48 startup archives unpack
2020-08-06 22:35:48 upgrade libsmartcols1:i386 2.31.1-0.4ubuntu3 2.31.1-0.4ubuntu3.6
2020-08-06 22:35:48 status half-configured libsmartcols1:i386 2.31.1-0.4ubuntu3
2020-08-06 22:35:48 status unpacked libsmartcols1:i386 2.31.1-0.4ubuntu3
2020-08-06 22:35:48 status half-installed libsmartcols1:i386 2.31.1-0.4ubuntu3
2020-08-06 22:35:48 status half-installed libsmartcols1:i386 2.31.1-0.4ubuntu3
2020-08-06 22:35:48 status unpacked libsmartcols1:i386 2.31.1-0.4ubuntu3.6
2020-08-06 22:35:48 status unpacked libsmartcols1:i386 2.31.1-0.4ubuntu3.6
2020-08-06 22:35:48 startup packages configure
2020-08-06 22:35:48 configure libsmartcols1:i386 2.31.1-0.4ubuntu3.6 <none>
2020-08-06 22:35:48 status unpacked libsmartcols1:i386 2.31.1-0.4ubuntu3.6
2020-08-06 22:35:48 status half-configured libsmartcols1:i386 2.31.1-0.4ubuntu3.6
2020-08-06 22:35:48 status installed libsmartcols1:i386 2.31.1-0.4ubuntu3.6
2020-08-06 22:35:48 startup archives unpack
2020-08-06 22:35:48 upgrade fdisk:i386 2.31.1-0.4ubuntu3 2.31.1-0.4ubuntu3.6
2020-08-06 22:35:48 status half-configured fdisk:i386 2.31.1-0.4ubuntu3
2020-08-06 22:35:48 status unpacked fdisk:i386 2.31.1-0.4ubuntu3
2020-08-06 22:35:48 status half-installed fdisk:i386 2.31.1-0.4ubuntu3
2020-08-06 22:35:48 status half-installed fdisk:i386 2.31.1-0.4ubuntu3
2020-08-06 22:35:48 status unpacked fdisk:i386 2.31.1-0.4ubuntu3.6
2020-08-06 22:35:48 status unpacked fdisk:i386 2.31.1-0.4ubuntu3.6
2020-08-06 22:35:48 startup packages configure
2020-08-06 22:35:48 configure fdisk:i386 2.31.1-0.4ubuntu3.6 <none>
2020-08-06 22:35:48 status unpacked fdisk:i386 2.31.1-0.4ubuntu3.6
2020-08-06 22:35:48 status half-configured fdisk:i386 2.31.1-0.4ubuntu3.6
2020-08-06 22:35:48 status installed fdisk:i386 2.31.1-0.4ubuntu3.6
2020-08-06 22:35:48 startup archives unpack
2020-08-06 22:35:48 upgrade util-linux:i386 2.31.1-0.4ubuntu3 2.31.1-0.4ubuntu3.6
2020-08-06 22:35:48 status half-configured util-linux:i386 2.31.1-0.4ubuntu3
2020-08-06 22:35:48 status unpacked util-linux:i386 2.31.1-0.4ubuntu3
2020-08-06 22:35:48 status half-installed util-linux:i386 2.31.1-0.4ubuntu3
2020-08-06 22:35:48 status half-installed util-linux:i386 2.31.1-0.4ubuntu3
2020-08-06 22:35:48 status unpacked util-linux:i386 2.31.1-0.4ubuntu3.6
2020-08-06 22:35:48 status unpacked util-linux:i386 2.31.1-0.4ubuntu3.6
2020-08-06 22:35:48 startup packages configure
2020-08-06 22:35:48 configure util-linux:i386 2.31.1-0.4ubuntu3.6 <none>
2020-08-06 22:35:48 status unpacked util-linux:i386 2.31.1-0.4ubuntu3.6
2020-08-06 22:35:48 status unpacked util-linux:i386 2.31.1-0.4ubuntu3.6
2020-08-06 22:35:48 status unpacked util-linux:i386 2.31.1-0.4ubuntu3.6
2020-08-06 22:35:48 status unpacked util-linux:i386 2.31.1-0.4ubuntu3.6
2020-08-06 22:35:48 status half-configured util-linux:i386 2.31.1-0.4ubuntu3.6
2020-08-06 22:35:49 status installed util-linux:i386 2.31.1-0.4ubuntu3.6
2020-08-06 22:35:49 startup archives unpack
2020-08-06 22:35:49 upgrade libc-bin:i386 2.27-3ubuntu1 2.27-3ubuntu1.2
2020-08-06 22:35:49 status half-configured libc-bin:i386 2.27-3ubuntu1
2020-08-06 22:35:49 status unpacked libc-bin:i386 2.27-3ubuntu1
2020-08-06 22:35:49 status half-installed libc-bin:i386 2.27-3ubuntu1
2020-08-06 22:35:49 status half-installed libc-bin:i386 2.27-3ubuntu1
2020-08-06 22:35:49 status unpacked libc-bin:i386 2.27-3ubuntu1.2
2020-08-06 22:35:49 status unpacked libc-bin:i386 2.27-3ubuntu1.2
2020-08-06 22:35:49 startup packages configure
2020-08-06 22:35:49 configure libc-bin:i386 2.27-3ubuntu1.2 <none>
2020-08-06 22:35:49 status unpacked libc-bin:i386 2.27-3ubuntu1.2
2020-08-06 22:35:49 status unpacked libc-bin:i386 2.27-3ubuntu1.2
2020-08-06 22:35:49 status unpacked libc-bin:i386 2.27-3ubuntu1.2
2020-08-06 22:35:49 status unpacked libc-bin:i386 2.27-3ubuntu1.2
2020-08-06 22:35:49 status unpacked libc-bin:i386 2.27-3ubuntu1.2
2020-08-06 22:35:49 status unpacked libc-bin:i386 2.27-3ubuntu1.2
2020-08-06 22:35:49 status half-configured libc-bin:i386 2.27-3ubuntu1.2
2020-08-06 22:35:49 status installed libc-bin:i386 2.27-3ubuntu1.2
2020-08-06 22:35:49 startup archives unpack
2020-08-06 22:35:49 upgrade ncurses-base:all 6.1-1ubuntu1 6.1-1ubuntu1.18.04
2020-08-06 22:35:49 status half-configured ncurses-base:all 6.1-1ubuntu1
2020-08-06 22:35:49 status unpacked ncurses-base:all 6.1-1ubuntu1
2020-08-06 22:35:49 status half-installed ncurses-base:all 6.1-1ubuntu1
2020-08-06 22:35:49 status half-installed ncurses-base:all 6.1-1ubuntu1
2020-08-06 22:35:49 status unpacked ncurses-base:all 6.1-1ubuntu1.18.04
2020-08-06 22:35:49 status unpacked ncurses-base:all 6.1-1ubuntu1.18.04
2020-08-06 22:35:49 startup packages configure
2020-08-06 22:35:49 configure ncurses-base:all 6.1-1ubuntu1.18.04 <none>
2020-08-06 22:35:49 status unpacked ncurses-base:all 6.1-1ubuntu1.18.04
2020-08-06 22:35:49 status unpacked ncurses-base:all 6.1-1ubuntu1.18.04
2020-08-06 22:35:49 status half-configured ncurses-base:all 6.1-1ubuntu1.18.04
2020-08-06 22:35:49 status installed ncurses-base:all 6.1-1ubuntu1.18.04
2020-08-06 22:35:49 startup archives unpack
2020-08-06 22:35:49 upgrade bzip2:i386 1.0.6-8.1 1.0.6-8.1ubuntu0.2
2020-08-06 22:35:49 status half-configured bzip2:i386 1.0.6-8.1
2020-08-06 22:35:49 status unpacked bzip2:i386 1.0.6-8.1
2020-08-06 22:35:49 status half-installed bzip2:i386 1.0.6-8.1
2020-08-06 22:35:49 status half-installed bzip2:i386 1.0.6-8.1
2020-08-06 22:35:49 status unpacked bzip2:i386 1.0.6-8.1ubuntu0.2
2020-08-06 22:35:49 status unpacked bzip2:i386 1.0.6-8.1ubuntu0.2
2020-08-06 22:35:49 upgrade libbz2-1.0:i386 1.0.6-8.1 1.0.6-8.1ubuntu0.2
2020-08-06 22:35:49 status triggers-pending libc-bin:i386 2.27-3ubuntu1.2
2020-08-06 22:35:49 status half-configured libbz2-1.0:i386 1.0.6-8.1
2020-08-06 22:35:49 status unpacked libbz2-1.0:i386 1.0.6-8.1
2020-08-06 22:35:49 status half-installed libbz2-1.0:i386 1.0.6-8.1
2020-08-06 22:35:49 status half-installed libbz2-1.0:i386 1.0.6-8.1
2020-08-06 22:35:49 status unpacked libbz2-1.0:i386 1.0.6-8.1ubuntu0.2
2020-08-06 22:35:49 status unpacked libbz2-1.0:i386 1.0.6-8.1ubuntu0.2
2020-08-06 22:35:49 startup packages configure
2020-08-06 22:35:49 configure libbz2-1.0:i386 1.0.6-8.1ubuntu0.2 <none>
2020-08-06 22:35:49 status unpacked libbz2-1.0:i386 1.0.6-8.1ubuntu0.2
2020-08-06 22:35:49 status half-configured libbz2-1.0:i386 1.0.6-8.1ubuntu0.2
2020-08-06 22:35:49 status installed libbz2-1.0:i386 1.0.6-8.1ubuntu0.2
2020-08-06 22:35:49 startup archives unpack
2020-08-06 22:35:49 upgrade libsystemd0:i386 237-3ubuntu10 237-3ubuntu10.42
2020-08-06 22:35:49 status half-configured libsystemd0:i386 237-3ubuntu10
2020-08-06 22:35:49 status unpacked libsystemd0:i386 237-3ubuntu10
2020-08-06 22:35:49 status half-installed libsystemd0:i386 237-3ubuntu10
2020-08-06 22:35:49 status half-installed libsystemd0:i386 237-3ubuntu10
2020-08-06 22:35:49 status unpacked libsystemd0:i386 237-3ubuntu10.42
2020-08-06 22:35:49 status unpacked libsystemd0:i386 237-3ubuntu10.42
2020-08-06 22:35:49 startup packages configure
2020-08-06 22:35:49 configure libsystemd0:i386 237-3ubuntu10.42 <none>
2020-08-06 22:35:49 status unpacked libsystemd0:i386 237-3ubuntu10.42
2020-08-06 22:35:49 status half-configured libsystemd0:i386 237-3ubuntu10.42
2020-08-06 22:35:49 status installed libsystemd0:i386 237-3ubuntu10.42
2020-08-06 22:35:49 startup archives unpack
2020-08-06 22:35:49 upgrade libudev1:i386 237-3ubuntu10 237-3ubuntu10.42
2020-08-06 22:35:49 status half-configured libudev1:i386 237-3ubuntu10
2020-08-06 22:35:49 status unpacked libudev1:i386 237-3ubuntu10
2020-08-06 22:35:49 status half-installed libudev1:i386 237-3ubuntu10
2020-08-06 22:35:49 status half-installed libudev1:i386 237-3ubuntu10
2020-08-06 22:35:49 status unpacked libudev1:i386 237-3ubuntu10.42
2020-08-06 22:35:49 status unpacked libudev1:i386 237-3ubuntu10.42
2020-08-06 22:35:49 startup packages configure
2020-08-06 22:35:49 configure libudev1:i386 237-3ubuntu10.42 <none>
2020-08-06 22:35:49 status unpacked libudev1:i386 237-3ubuntu10.42
2020-08-06 22:35:49 status half-configured libudev1:i386 237-3ubuntu10.42
2020-08-06 22:35:49 status installed libudev1:i386 237-3ubuntu10.42
2020-08-06 22:35:49 startup archives unpack
2020-08-06 22:35:49 upgrade libzstd1:i386 1.3.3+dfsg-2ubuntu1 1.3.3+dfsg-2ubuntu1.1
2020-08-06 22:35:49 status half-configured libzstd1:i386 1.3.3+dfsg-2ubuntu1
2020-08-06 22:35:49 status unpacked libzstd1:i386 1.3.3+dfsg-2ubuntu1
2020-08-06 22:35:49 status half-installed libzstd1:i386 1.3.3+dfsg-2ubuntu1
2020-08-06 22:35:49 status half-installed libzstd1:i386 1.3.3+dfsg-2ubuntu1
2020-08-06 22:35:49 status unpacked libzstd1:i386 1.3.3+dfsg-2ubuntu1.1
2020-08-06 22:35:49 status unpacked libzstd1:i386 1.3.3+dfsg-2ubuntu1.1
2020-08-06 22:35:49 startup packages configure
2020-08-06 22:35:49 configure libzstd1:i386 1.3.3+dfsg-2ubuntu1.1 <none>
2020-08-06 22:35:49 status unpacked libzstd1:i386 1.3.3+dfsg-2ubuntu1.1
2020-08-06 22:35:49 status half-configured libzstd1:i386 1.3.3+dfsg-2ubuntu1.1
2020-08-06 22:35:49 status installed libzstd1:i386 1.3.3+dfsg-2ubuntu1.1
2020-08-06 22:35:49 startup archives unpack
2020-08-06 22:35:49 upgrade libapt-pkg5.0:i386 1.6.1 1.6.12ubuntu0.1
2020-08-06 22:35:49 status half-configured libapt-pkg5.0:i386 1.6.1
2020-08-06 22:35:49 status unpacked libapt-pkg5.0:i386 1.6.1
2020-08-06 22:35:49 status half-installed libapt-pkg5.0:i386 1.6.1
2020-08-06 22:35:49 status half-installed libapt-pkg5.0:i386 1.6.1
2020-08-06 22:35:49 status unpacked libapt-pkg5.0:i386 1.6.12ubuntu0.1
2020-08-06 22:35:49 status unpacked libapt-pkg5.0:i386 1.6.12ubuntu0.1
2020-08-06 22:35:49 startup packages configure
2020-08-06 22:35:49 configure libapt-pkg5.0:i386 1.6.12ubuntu0.1 <none>
2020-08-06 22:35:49 status unpacked libapt-pkg5.0:i386 1.6.12ubuntu0.1
2020-08-06 22:35:49 status half-configured libapt-pkg5.0:i386 1.6.12ubuntu0.1
2020-08-06 22:35:49 status installed libapt-pkg5.0:i386 1.6.12ubuntu0.1
2020-08-06 22:35:49 startup archives unpack
2020-08-06 22:35:49 upgrade libgcrypt20:i386 1.8.1-4ubuntu1 1.8.1-4ubuntu1.2
2020-08-06 22:35:49 status half-configured libgcrypt20:i386 1.8.1-4ubuntu1
2020-08-06 22:35:49 status unpacked libgcrypt20:i386 1.8.1-4ubuntu1
2020-08-06 22:35:49 status half-installed libgcrypt20:i386 1.8.1-4ubuntu1
2020-08-06 22:35:49 status half-installed libgcrypt20:i386 1.8.1-4ubuntu1
2020-08-06 22:35:49 status unpacked libgcrypt20:i386 1.8.1-4ubuntu1.2
2020-08-06 22:35:49 status unpacked libgcrypt20:i386 1.8.1-4ubuntu1.2
2020-08-06 22:35:49 startup packages configure
2020-08-06 22:35:49 configure libgcrypt20:i386 1.8.1-4ubuntu1.2 <none>
2020-08-06 22:35:49 status unpacked libgcrypt20:i386 1.8.1-4ubuntu1.2
2020-08-06 22:35:50 status half-configured libgcrypt20:i386 1.8.1-4ubuntu1.2
2020-08-06 22:35:50 status installed libgcrypt20:i386 1.8.1-4ubuntu1.2
2020-08-06 22:35:50 startup archives unpack
2020-08-06 22:35:50 upgrade gpgv:i386 2.2.4-1ubuntu1 2.2.4-1ubuntu1.2
2020-08-06 22:35:50 status half-configured gpgv:i386 2.2.4-1ubuntu1
2020-08-06 22:35:50 status unpacked gpgv:i386 2.2.4-1ubuntu1
2020-08-06 22:35:50 status half-installed gpgv:i386 2.2.4-1ubuntu1
2020-08-06 22:35:50 status half-installed gpgv:i386 2.2.4-1ubuntu1
2020-08-06 22:35:50 status unpacked gpgv:i386 2.2.4-1ubuntu1.2
2020-08-06 22:35:50 status unpacked gpgv:i386 2.2.4-1ubuntu1.2
2020-08-06 22:35:50 startup packages configure
2020-08-06 22:35:50 configure gpgv:i386 2.2.4-1ubuntu1.2 <none>
2020-08-06 22:35:50 status unpacked gpgv:i386 2.2.4-1ubuntu1.2
2020-08-06 22:35:50 status half-configured gpgv:i386 2.2.4-1ubuntu1.2
2020-08-06 22:35:50 status installed gpgv:i386 2.2.4-1ubuntu1.2
2020-08-06 22:35:50 startup archives unpack
2020-08-06 22:35:50 upgrade libunistring2:i386 0.9.9-0ubuntu1 0.9.9-0ubuntu2
2020-08-06 22:35:50 status half-configured libunistring2:i386 0.9.9-0ubuntu1
2020-08-06 22:35:50 status unpacked libunistring2:i386 0.9.9-0ubuntu1
2020-08-06 22:35:50 status half-installed libunistring2:i386 0.9.9-0ubuntu1
2020-08-06 22:35:50 status half-installed libunistring2:i386 0.9.9-0ubuntu1
2020-08-06 22:35:50 status unpacked libunistring2:i386 0.9.9-0ubuntu2
2020-08-06 22:35:50 status unpacked libunistring2:i386 0.9.9-0ubuntu2
2020-08-06 22:35:50 startup packages configure
2020-08-06 22:35:50 configure libunistring2:i386 0.9.9-0ubuntu2 <none>
2020-08-06 22:35:50 status unpacked libunistring2:i386 0.9.9-0ubuntu2
2020-08-06 22:35:50 status half-configured libunistring2:i386 0.9.9-0ubuntu2
2020-08-06 22:35:50 status installed libunistring2:i386 0.9.9-0ubuntu2
2020-08-06 22:35:50 startup archives unpack
2020-08-06 22:35:50 upgrade libidn2-0:i386 2.0.4-1.1build2 2.0.4-1.1ubuntu0.2
2020-08-06 22:35:50 status half-configured libidn2-0:i386 2.0.4-1.1build2
2020-08-06 22:35:50 status unpacked libidn2-0:i386 2.0.4-1.1build2
2020-08-06 22:35:50 status half-installed libidn2-0:i386 2.0.4-1.1build2
2020-08-06 22:35:50 status half-installed libidn2-0:i386 2.0.4-1.1build2
2020-08-06 22:35:50 status unpacked libidn2-0:i386 2.0.4-1.1ubuntu0.2
2020-08-06 22:35:50 status unpacked libidn2-0:i386 2.0.4-1.1ubuntu0.2
2020-08-06 22:35:50 startup packages configure
2020-08-06 22:35:50 configure libidn2-0:i386 2.0.4-1.1ubuntu0.2 <none>
2020-08-06 22:35:50 status unpacked libidn2-0:i386 2.0.4-1.1ubuntu0.2
2020-08-06 22:35:50 status half-configured libidn2-0:i386 2.0.4-1.1ubuntu0.2
2020-08-06 22:35:50 status installed libidn2-0:i386 2.0.4-1.1ubuntu0.2
2020-08-06 22:35:50 startup archives unpack
2020-08-06 22:35:50 upgrade libgnutls30:i386 3.5.18-1ubuntu1 3.5.18-1ubuntu1.4
2020-08-06 22:35:50 status half-configured libgnutls30:i386 3.5.18-1ubuntu1
2020-08-06 22:35:50 status unpacked libgnutls30:i386 3.5.18-1ubuntu1
2020-08-06 22:35:50 status half-installed libgnutls30:i386 3.5.18-1ubuntu1
2020-08-06 22:35:50 status half-installed libgnutls30:i386 3.5.18-1ubuntu1
2020-08-06 22:35:50 status unpacked libgnutls30:i386 3.5.18-1ubuntu1.4
2020-08-06 22:35:50 status unpacked libgnutls30:i386 3.5.18-1ubuntu1.4
2020-08-06 22:35:50 startup packages configure
2020-08-06 22:35:50 configure libgnutls30:i386 3.5.18-1ubuntu1.4 <none>
2020-08-06 22:35:50 status unpacked libgnutls30:i386 3.5.18-1ubuntu1.4
2020-08-06 22:35:50 status half-configured libgnutls30:i386 3.5.18-1ubuntu1.4
2020-08-06 22:35:50 status installed libgnutls30:i386 3.5.18-1ubuntu1.4
2020-08-06 22:35:50 startup archives unpack
2020-08-06 22:35:50 upgrade libseccomp2:i386 2.3.1-2.1ubuntu4 2.4.3-1ubuntu3.18.04.3
2020-08-06 22:35:50 status half-configured libseccomp2:i386 2.3.1-2.1ubuntu4
2020-08-06 22:35:50 status unpacked libseccomp2:i386 2.3.1-2.1ubuntu4
2020-08-06 22:35:50 status half-installed libseccomp2:i386 2.3.1-2.1ubuntu4
2020-08-06 22:35:50 status half-installed libseccomp2:i386 2.3.1-2.1ubuntu4
2020-08-06 22:35:50 status unpacked libseccomp2:i386 2.4.3-1ubuntu3.18.04.3
2020-08-06 22:35:50 status unpacked libseccomp2:i386 2.4.3-1ubuntu3.18.04.3
2020-08-06 22:35:50 startup packages configure
2020-08-06 22:35:50 configure libseccomp2:i386 2.4.3-1ubuntu3.18.04.3 <none>
2020-08-06 22:35:50 status unpacked libseccomp2:i386 2.4.3-1ubuntu3.18.04.3
2020-08-06 22:35:50 status half-configured libseccomp2:i386 2.4.3-1ubuntu3.18.04.3
2020-08-06 22:35:50 status installed libseccomp2:i386 2.4.3-1ubuntu3.18.04.3
2020-08-06 22:35:50 startup archives unpack
2020-08-06 22:35:50 upgrade apt:i386 1.6.1 1.6.12ubuntu0.1
2020-08-06 22:35:50 status half-configured apt:i386 1.6.1
2020-08-06 22:35:50 status unpacked apt:i386 1.6.1
2020-08-06 22:35:50 status half-installed apt:i386 1.6.1
2020-08-06 22:35:50 status half-installed apt:i386 1.6.1
2020-08-06 22:35:50 status unpacked apt:i386 1.6.12ubuntu0.1
2020-08-06 22:35:50 status unpacked apt:i386 1.6.12ubuntu0.1
2020-08-06 22:35:50 startup packages configure
2020-08-06 22:35:50 configure apt:i386 1.6.12ubuntu0.1 <none>
2020-08-06 22:35:50 status unpacked apt:i386 1.6.12ubuntu0.1
2020-08-06 22:35:50 status unpacked apt:i386 1.6.12ubuntu0.1
2020-08-06 22:35:50 status unpacked apt:i386 1.6.12ubuntu0.1
2020-08-06 22:35:50 status unpacked apt:i386 1.6.12ubuntu0.1
2020-08-06 22:35:50 status unpacked apt:i386 1.6.12ubuntu0.1
2020-08-06 22:35:50 status unpacked apt:i386 1.6.12ubuntu0.1
2020-08-06 22:35:50 status half-configured apt:i386 1.6.12ubuntu0.1
2020-08-06 22:35:51 status installed apt:i386 1.6.12ubuntu0.1
2020-08-06 22:35:51 startup archives unpack
2020-08-06 22:35:51 upgrade debconf:all 1.5.66 1.5.66ubuntu1
2020-08-06 22:35:51 status half-configured debconf:all 1.5.66
2020-08-06 22:35:51 status unpacked debconf:all 1.5.66
2020-08-06 22:35:51 status half-installed debconf:all 1.5.66
2020-08-06 22:35:51 status half-installed debconf:all 1.5.66
2020-08-06 22:35:51 status unpacked debconf:all 1.5.66ubuntu1
2020-08-06 22:35:51 status unpacked debconf:all 1.5.66ubuntu1
2020-08-06 22:35:51 startup packages configure
2020-08-06 22:35:51 configure debconf:all 1.5.66ubuntu1 <none>
2020-08-06 22:35:51 status unpacked debconf:all 1.5.66ubuntu1
2020-08-06 22:35:51 status unpacked debconf:all 1.5.66ubuntu1
2020-08-06 22:35:51 status unpacked debconf:all 1.5.66ubuntu1
2020-08-06 22:35:51 status half-configured debconf:all 1.5.66ubuntu1
2020-08-06 22:35:51 status installed debconf:all 1.5.66ubuntu1
2020-08-06 22:35:51 startup archives unpack
2020-08-06 22:35:51 upgrade libpam0g:i386 1.1.8-3.6ubuntu2 1.1.8-3.6ubuntu2.18.04.1
2020-08-06 22:35:51 status half-configured libpam0g:i386 1.1.8-3.6ubuntu2
2020-08-06 22:35:51 status unpacked libpam0g:i386 1.1.8-3.6ubuntu2
2020-08-06 22:35:51 status half-installed libpam0g:i386 1.1.8-3.6ubuntu2
2020-08-06 22:35:51 status half-installed libpam0g:i386 1.1.8-3.6ubuntu2
2020-08-06 22:35:51 status unpacked libpam0g:i386 1.1.8-3.6ubuntu2.18.04.1
2020-08-06 22:35:51 status unpacked libpam0g:i386 1.1.8-3.6ubuntu2.18.04.1
2020-08-06 22:35:51 startup packages configure
2020-08-06 22:35:51 configure libpam0g:i386 1.1.8-3.6ubuntu2.18.04.1 <none>
2020-08-06 22:35:51 status unpacked libpam0g:i386 1.1.8-3.6ubuntu2.18.04.1
2020-08-06 22:35:51 status half-configured libpam0g:i386 1.1.8-3.6ubuntu2.18.04.1
2020-08-06 22:35:51 status installed libpam0g:i386 1.1.8-3.6ubuntu2.18.04.1
2020-08-06 22:35:51 startup archives unpack
2020-08-06 22:35:51 upgrade libpam-modules-bin:i386 1.1.8-3.6ubuntu2 1.1.8-3.6ubuntu2.18.04.1
2020-08-06 22:35:51 status half-configured libpam-modules-bin:i386 1.1.8-3.6ubuntu2
2020-08-06 22:35:51 status unpacked libpam-modules-bin:i386 1.1.8-3.6ubuntu2
2020-08-06 22:35:51 status half-installed libpam-modules-bin:i386 1.1.8-3.6ubuntu2
2020-08-06 22:35:51 status half-installed libpam-modules-bin:i386 1.1.8-3.6ubuntu2
2020-08-06 22:35:51 status unpacked libpam-modules-bin:i386 1.1.8-3.6ubuntu2.18.04.1
2020-08-06 22:35:51 status unpacked libpam-modules-bin:i386 1.1.8-3.6ubuntu2.18.04.1
2020-08-06 22:35:51 startup packages configure
2020-08-06 22:35:51 configure libpam-modules-bin:i386 1.1.8-3.6ubuntu2.18.04.1 <none>
2020-08-06 22:35:51 status unpacked libpam-modules-bin:i386 1.1.8-3.6ubuntu2.18.04.1
2020-08-06 22:35:51 status half-configured libpam-modules-bin:i386 1.1.8-3.6ubuntu2.18.04.1
2020-08-06 22:35:51 status installed libpam-modules-bin:i386 1.1.8-3.6ubuntu2.18.04.1
2020-08-06 22:35:51 startup archives unpack
2020-08-06 22:35:51 upgrade libpam-modules:i386 1.1.8-3.6ubuntu2 1.1.8-3.6ubuntu2.18.04.1
2020-08-06 22:35:51 status half-configured libpam-modules:i386 1.1.8-3.6ubuntu2
2020-08-06 22:35:51 status unpacked libpam-modules:i386 1.1.8-3.6ubuntu2
2020-08-06 22:35:51 status half-installed libpam-modules:i386 1.1.8-3.6ubuntu2
2020-08-06 22:35:51 status half-installed libpam-modules:i386 1.1.8-3.6ubuntu2
2020-08-06 22:35:51 status unpacked libpam-modules:i386 1.1.8-3.6ubuntu2.18.04.1
2020-08-06 22:35:51 status unpacked libpam-modules:i386 1.1.8-3.6ubuntu2.18.04.1
2020-08-06 22:35:52 startup packages configure
2020-08-06 22:35:52 configure libpam-modules:i386 1.1.8-3.6ubuntu2.18.04.1 <none>
2020-08-06 22:35:52 status unpacked libpam-modules:i386 1.1.8-3.6ubuntu2.18.04.1
2020-08-06 22:35:52 status unpacked libpam-modules:i386 1.1.8-3.6ubuntu2.18.04.1
2020-08-06 22:35:52 status unpacked libpam-modules:i386 1.1.8-3.6ubuntu2.18.04.1
2020-08-06 22:35:52 status unpacked libpam-modules:i386 1.1.8-3.6ubuntu2.18.04.1
2020-08-06 22:35:52 status unpacked libpam-modules:i386 1.1.8-3.6ubuntu2.18.04.1
2020-08-06 22:35:52 status unpacked libpam-modules:i386 1.1.8-3.6ubuntu2.18.04.1
2020-08-06 22:35:52 status unpacked libpam-modules:i386 1.1.8-3.6ubuntu2.18.04.1
2020-08-06 22:35:52 status unpacked libpam-modules:i386 1.1.8-3.6ubuntu2.18.04.1
2020-08-06 22:35:52 status unpacked libpam-modules:i386 1.1.8-3.6ubuntu2.18.04.1
2020-08-06 22:35:52 status half-configured libpam-modules:i386 1.1.8-3.6ubuntu2.18.04.1
2020-08-06 22:35:52 status installed libpam-modules:i386 1.1.8-3.6ubuntu2.18.04.1
2020-08-06 22:35:52 startup archives unpack
2020-08-06 22:35:52 upgrade mount:i386 2.31.1-0.4ubuntu3 2.31.1-0.4ubuntu3.6
2020-08-06 22:35:52 status half-configured mount:i386 2.31.1-0.4ubuntu3
2020-08-06 22:35:52 status unpacked mount:i386 2.31.1-0.4ubuntu3
2020-08-06 22:35:52 status half-installed mount:i386 2.31.1-0.4ubuntu3
2020-08-06 22:35:52 status half-installed mount:i386 2.31.1-0.4ubuntu3
2020-08-06 22:35:52 status unpacked mount:i386 2.31.1-0.4ubuntu3.6
2020-08-06 22:35:52 status unpacked mount:i386 2.31.1-0.4ubuntu3.6
2020-08-06 22:35:52 upgrade libcom-err2:i386 1.44.1-1 1.44.1-1ubuntu1.3
2020-08-06 22:35:52 status half-configured libcom-err2:i386 1.44.1-1
2020-08-06 22:35:52 status unpacked libcom-err2:i386 1.44.1-1
2020-08-06 22:35:52 status half-installed libcom-err2:i386 1.44.1-1
2020-08-06 22:35:52 status half-installed libcom-err2:i386 1.44.1-1
2020-08-06 22:35:52 status unpacked libcom-err2:i386 1.44.1-1ubuntu1.3
2020-08-06 22:35:52 status unpacked libcom-err2:i386 1.44.1-1ubuntu1.3
2020-08-06 22:35:52 startup packages configure
2020-08-06 22:35:52 configure libcom-err2:i386 1.44.1-1ubuntu1.3 <none>
2020-08-06 22:35:52 status unpacked libcom-err2:i386 1.44.1-1ubuntu1.3
2020-08-06 22:35:52 status half-configured libcom-err2:i386 1.44.1-1ubuntu1.3
2020-08-06 22:35:52 status installed libcom-err2:i386 1.44.1-1ubuntu1.3
2020-08-06 22:35:52 startup archives unpack
2020-08-06 22:35:52 upgrade libdb5.3:i386 5.3.28-13.1ubuntu1 5.3.28-13.1ubuntu1.1
2020-08-06 22:35:52 status half-configured libdb5.3:i386 5.3.28-13.1ubuntu1
2020-08-06 22:35:52 status unpacked libdb5.3:i386 5.3.28-13.1ubuntu1
2020-08-06 22:35:52 status half-installed libdb5.3:i386 5.3.28-13.1ubuntu1
2020-08-06 22:35:52 status half-installed libdb5.3:i386 5.3.28-13.1ubuntu1
2020-08-06 22:35:52 status unpacked libdb5.3:i386 5.3.28-13.1ubuntu1.1
2020-08-06 22:35:52 status unpacked libdb5.3:i386 5.3.28-13.1ubuntu1.1
2020-08-06 22:35:52 startup packages configure
2020-08-06 22:35:52 configure libdb5.3:i386 5.3.28-13.1ubuntu1.1 <none>
2020-08-06 22:35:52 status unpacked libdb5.3:i386 5.3.28-13.1ubuntu1.1
2020-08-06 22:35:52 status half-configured libdb5.3:i386 5.3.28-13.1ubuntu1.1
2020-08-06 22:35:52 status installed libdb5.3:i386 5.3.28-13.1ubuntu1.1
2020-08-06 22:35:52 startup archives unpack
2020-08-06 22:35:52 upgrade libpam-runtime:all 1.1.8-3.6ubuntu2 1.1.8-3.6ubuntu2.18.04.1
2020-08-06 22:35:52 status half-configured libpam-runtime:all 1.1.8-3.6ubuntu2
2020-08-06 22:35:52 status unpacked libpam-runtime:all 1.1.8-3.6ubuntu2
2020-08-06 22:35:52 status half-installed libpam-runtime:all 1.1.8-3.6ubuntu2
2020-08-06 22:35:52 status half-installed libpam-runtime:all 1.1.8-3.6ubuntu2
2020-08-06 22:35:52 status unpacked libpam-runtime:all 1.1.8-3.6ubuntu2.18.04.1
2020-08-06 22:35:52 status unpacked libpam-runtime:all 1.1.8-3.6ubuntu2.18.04.1
2020-08-06 22:35:52 startup packages configure
2020-08-06 22:35:52 configure libpam-runtime:all 1.1.8-3.6ubuntu2.18.04.1 <none>
2020-08-06 22:35:52 status unpacked libpam-runtime:all 1.1.8-3.6ubuntu2.18.04.1
2020-08-06 22:35:52 status unpacked libpam-runtime:all 1.1.8-3.6ubuntu2.18.04.1
2020-08-06 22:35:52 status unpacked libpam-runtime:all 1.1.8-3.6ubuntu2.18.04.1
2020-08-06 22:35:52 status half-configured libpam-runtime:all 1.1.8-3.6ubuntu2.18.04.1
2020-08-06 22:35:52 status installed libpam-runtime:all 1.1.8-3.6ubuntu2.18.04.1
2020-08-06 22:35:52 startup archives unpack
2020-08-06 22:35:52 upgrade libss2:i386 1.44.1-1 1.44.1-1ubuntu1.3
2020-08-06 22:35:52 status half-configured libss2:i386 1.44.1-1
2020-08-06 22:35:52 status unpacked libss2:i386 1.44.1-1
2020-08-06 22:35:52 status half-installed libss2:i386 1.44.1-1
2020-08-06 22:35:52 status half-installed libss2:i386 1.44.1-1
2020-08-06 22:35:52 status unpacked libss2:i386 1.44.1-1ubuntu1.3
2020-08-06 22:35:52 status unpacked libss2:i386 1.44.1-1ubuntu1.3
2020-08-06 22:35:52 startup packages configure
2020-08-06 22:35:52 configure libss2:i386 1.44.1-1ubuntu1.3 <none>
2020-08-06 22:35:52 status unpacked libss2:i386 1.44.1-1ubuntu1.3
2020-08-06 22:35:52 status half-configured libss2:i386 1.44.1-1ubuntu1.3
2020-08-06 22:35:52 status installed libss2:i386 1.44.1-1ubuntu1.3
2020-08-06 22:35:52 startup archives unpack
2020-08-06 22:35:52 upgrade passwd:i386 1:4.5-1ubuntu1 1:4.5-1ubuntu2
2020-08-06 22:35:52 status half-configured passwd:i386 1:4.5-1ubuntu1
2020-08-06 22:35:52 status unpacked passwd:i386 1:4.5-1ubuntu1
2020-08-06 22:35:52 status half-installed passwd:i386 1:4.5-1ubuntu1
2020-08-06 22:35:52 status half-installed passwd:i386 1:4.5-1ubuntu1
2020-08-06 22:35:52 status unpacked passwd:i386 1:4.5-1ubuntu2
2020-08-06 22:35:52 status unpacked passwd:i386 1:4.5-1ubuntu2
2020-08-06 22:35:52 startup packages configure
2020-08-06 22:35:52 configure passwd:i386 1:4.5-1ubuntu2 <none>
2020-08-06 22:35:52 status unpacked passwd:i386 1:4.5-1ubuntu2
2020-08-06 22:35:52 status unpacked passwd:i386 1:4.5-1ubuntu2
2020-08-06 22:35:52 status unpacked passwd:i386 1:4.5-1ubuntu2
2020-08-06 22:35:52 status unpacked passwd:i386 1:4.5-1ubuntu2
2020-08-06 22:35:52 status unpacked passwd:i386 1:4.5-1ubuntu2
2020-08-06 22:35:52 status unpacked passwd:i386 1:4.5-1ubuntu2
2020-08-06 22:35:52 status unpacked passwd:i386 1:4.5-1ubuntu2
2020-08-06 22:35:52 status unpacked passwd:i386 1:4.5-1ubuntu2
2020-08-06 22:35:52 status half-configured passwd:i386 1:4.5-1ubuntu2
2020-08-06 22:35:52 status installed passwd:i386 1:4.5-1ubuntu2
2020-08-06 22:35:52 startup archives unpack
2020-08-06 22:35:52 upgrade libprocps6:i386 2:3.3.12-3ubuntu1 2:3.3.12-3ubuntu1.2
2020-08-06 22:35:52 status half-configured libprocps6:i386 2:3.3.12-3ubuntu1
2020-08-06 22:35:52 status unpacked libprocps6:i386 2:3.3.12-3ubuntu1
2020-08-06 22:35:52 status half-installed libprocps6:i386 2:3.3.12-3ubuntu1
2020-08-06 22:35:52 status half-installed libprocps6:i386 2:3.3.12-3ubuntu1
2020-08-06 22:35:52 status unpacked libprocps6:i386 2:3.3.12-3ubuntu1.2
2020-08-06 22:35:52 status unpacked libprocps6:i386 2:3.3.12-3ubuntu1.2
2020-08-06 22:35:52 upgrade procps:i386 2:3.3.12-3ubuntu1 2:3.3.12-3ubuntu1.2
2020-08-06 22:35:52 status half-configured procps:i386 2:3.3.12-3ubuntu1
2020-08-06 22:35:52 status unpacked procps:i386 2:3.3.12-3ubuntu1
2020-08-06 22:35:52 status half-installed procps:i386 2:3.3.12-3ubuntu1
2020-08-06 22:35:53 status half-installed procps:i386 2:3.3.12-3ubuntu1
2020-08-06 22:35:53 status unpacked procps:i386 2:3.3.12-3ubuntu1.2
2020-08-06 22:35:53 status unpacked procps:i386 2:3.3.12-3ubuntu1.2
2020-08-06 22:35:53 startup packages configure
2020-08-06 22:35:53 configure libncurses5:i386 6.1-1ubuntu1.18.04 <none>
2020-08-06 22:35:53 status unpacked libncurses5:i386 6.1-1ubuntu1.18.04
2020-08-06 22:35:53 status half-configured libncurses5:i386 6.1-1ubuntu1.18.04
2020-08-06 22:35:53 status installed libncurses5:i386 6.1-1ubuntu1.18.04
2020-08-06 22:35:53 configure mount:i386 2.31.1-0.4ubuntu3.6 <none>
2020-08-06 22:35:53 status unpacked mount:i386 2.31.1-0.4ubuntu3.6
2020-08-06 22:35:53 status half-configured mount:i386 2.31.1-0.4ubuntu3.6
2020-08-06 22:35:53 status installed mount:i386 2.31.1-0.4ubuntu3.6
2020-08-06 22:35:53 configure libprocps6:i386 2:3.3.12-3ubuntu1.2 <none>
2020-08-06 22:35:53 status unpacked libprocps6:i386 2:3.3.12-3ubuntu1.2
2020-08-06 22:35:53 status half-configured libprocps6:i386 2:3.3.12-3ubuntu1.2
2020-08-06 22:35:53 status installed libprocps6:i386 2:3.3.12-3ubuntu1.2
2020-08-06 22:35:53 configure bzip2:i386 1.0.6-8.1ubuntu0.2 <none>
2020-08-06 22:35:53 status unpacked bzip2:i386 1.0.6-8.1ubuntu0.2
2020-08-06 22:35:53 status half-configured bzip2:i386 1.0.6-8.1ubuntu0.2
2020-08-06 22:35:53 status installed bzip2:i386 1.0.6-8.1ubuntu0.2
2020-08-06 22:35:53 configure procps:i386 2:3.3.12-3ubuntu1.2 <none>
2020-08-06 22:35:53 status unpacked procps:i386 2:3.3.12-3ubuntu1.2
2020-08-06 22:35:53 status unpacked procps:i386 2:3.3.12-3ubuntu1.2
2020-08-06 22:35:53 status unpacked procps:i386 2:3.3.12-3ubuntu1.2
2020-08-06 22:35:53 status unpacked procps:i386 2:3.3.12-3ubuntu1.2
2020-08-06 22:35:53 status unpacked procps:i386 2:3.3.12-3ubuntu1.2
2020-08-06 22:35:53 status unpacked procps:i386 2:3.3.12-3ubuntu1.2
2020-08-06 22:35:53 status unpacked procps:i386 2:3.3.12-3ubuntu1.2
2020-08-06 22:35:53 status unpacked procps:i386 2:3.3.12-3ubuntu1.2
2020-08-06 22:35:53 status unpacked procps:i386 2:3.3.12-3ubuntu1.2
2020-08-06 22:35:53 status unpacked procps:i386 2:3.3.12-3ubuntu1.2
2020-08-06 22:35:53 status unpacked procps:i386 2:3.3.12-3ubuntu1.2
2020-08-06 22:35:53 status unpacked procps:i386 2:3.3.12-3ubuntu1.2
2020-08-06 22:35:53 status half-configured procps:i386 2:3.3.12-3ubuntu1.2
2020-08-06 22:35:53 status installed procps:i386 2:3.3.12-3ubuntu1.2
2020-08-06 22:35:53 trigproc libc-bin:i386 2.27-3ubuntu1.2 <none>
2020-08-06 22:35:53 status half-configured libc-bin:i386 2.27-3ubuntu1.2
2020-08-06 22:35:53 status installed libc-bin:i386 2.27-3ubuntu1.2
